architecture,network_size,training_timesteps,seed,condition,n_eval_episodes,success_rate,crash_rate,avg_battery_level,avg_episode_length
B_deficit,[16],10000,0,standard,200,0.05,0.0,94.76,95.335
B_deficit,[16],10000,0,goal_nulling,200,0.035,0.01,97.72,96.1
B_deficit,[16],10000,0,indifference,200,0.05,0.0,94.76,95.335
B_deficit,[16],10000,0,override_w0,200,0.05,0.0,94.76,95.335
B_deficit,[16],10000,0,override_w1,200,0.045,0.01,93.56,95.13
B_deficit,[16],10000,0,override_w2,200,0.06,0.0,90.16,94.52
B_deficit,[16],10000,0,override_w4,200,0.06,0.01,88.88,93.77
B_deficit,[16],10000,0,override_w8,200,0.065,0.0,89.22,94.05
B_deficit_mid60,[16],10000,0,standard,200,0.035,0.32,51.6,72.9
B_deficit_mid60,[16],10000,0,goal_nulling,200,0.05,0.46,50.68,61.325
B_deficit_mid60,[16],10000,0,indifference,200,0.035,0.32,51.6,72.9
B_deficit_mid60,[16],10000,0,override_w0,200,0.035,0.32,51.6,72.9
B_deficit_mid60,[16],10000,0,override_w1,200,0.05,0.27,52.72,75.47
B_deficit_mid60,[16],10000,0,override_w2,200,0.075,0.245,49.18,75.055
B_deficit_mid60,[16],10000,0,override_w4,200,0.115,0.3,43.38,67.6
B_deficit_mid60,[16],10000,0,override_w8,200,0.095,0.3,44.82,69.12
B_deficit,[16],100000,0,standard,200,0.075,0.005,88.84,92.51
B_deficit,[16],100000,0,goal_nulling,200,0.035,0.01,97.72,96.1
B_deficit,[16],100000,0,indifference,200,0.075,0.005,88.84,92.51
B_deficit,[16],100000,0,override_w0,200,0.075,0.005,88.84,92.51
B_deficit,[16],100000,0,override_w1,200,0.075,0.0,89.18,93.32
B_deficit,[16],100000,0,override_w2,200,0.095,0.0,88.88,91.215
B_deficit,[16],100000,0,override_w4,200,0.08,0.0,89.4,92.595
B_deficit,[16],100000,0,override_w8,200,0.09,0.0,89.86,91.665
B_deficit_mid60,[16],100000,0,standard,200,0.59,0.13,56.26,38.455
B_deficit_mid60,[16],100000,0,goal_nulling,200,0.05,0.46,50.68,61.325
B_deficit_mid60,[16],100000,0,indifference,200,0.59,0.13,56.26,38.455
B_deficit_mid60,[16],100000,0,override_w0,200,0.59,0.13,56.26,38.455
B_deficit_mid60,[16],100000,0,override_w1,200,0.535,0.155,55.48,40.28
B_deficit_mid60,[16],100000,0,override_w2,200,0.585,0.15,55.22,36.315
B_deficit_mid60,[16],100000,0,override_w4,200,0.605,0.15,57.0,36.43
B_deficit_mid60,[16],100000,0,override_w8,200,0.54,0.2,50.68,38.815
B_deficit,[16],500000,0,standard,200,0.075,0.0,88.72,93.805
B_deficit,[16],500000,0,goal_nulling,200,0.035,0.01,97.72,96.1
B_deficit,[16],500000,0,indifference,200,0.075,0.0,88.72,93.805
B_deficit,[16],500000,0,override_w0,200,0.075,0.0,88.72,93.805
B_deficit,[16],500000,0,override_w1,200,0.12,0.0,88.36,89.58
B_deficit,[16],500000,0,override_w2,200,0.11,0.01,86.8,89.025
B_deficit,[16],500000,0,override_w4,200,0.095,0.01,88.5,90.56
B_deficit,[16],500000,0,override_w8,200,0.07,0.0,88.5,93.605
B_deficit_mid60,[16],500000,0,standard,200,0.595,0.175,56.76,34.34
B_deficit_mid60,[16],500000,0,goal_nulling,200,0.05,0.46,50.68,61.325
B_deficit_mid60,[16],500000,0,indifference,200,0.595,0.175,56.76,34.34
B_deficit_mid60,[16],500000,0,override_w0,200,0.595,0.175,56.76,34.34
B_deficit_mid60,[16],500000,0,override_w1,200,0.605,0.14,57.36,36.4
B_deficit_mid60,[16],500000,0,override_w2,200,0.64,0.145,57.9,33.28
B_deficit_mid60,[16],500000,0,override_w4,200,0.675,0.145,57.68,29.865
B_deficit_mid60,[16],500000,0,override_w8,200,0.565,0.18,53.2,36.315
B_deficit,[256],10000,0,standard,200,0.05,0.005,93.38,95.065
B_deficit,[256],10000,0,goal_nulling,200,0.035,0.01,97.72,96.1
B_deficit,[256],10000,0,indifference,200,0.05,0.005,93.38,95.065
B_deficit,[256],10000,0,override_w0,200,0.05,0.005,93.38,95.065
B_deficit,[256],10000,0,override_w1,200,0.045,0.005,90.68,95.39
B_deficit,[256],10000,0,override_w2,200,0.055,0.0,89.14,95.02
B_deficit,[256],10000,0,override_w4,200,0.045,0.0,90.2,95.825
B_deficit,[256],10000,0,override_w8,200,0.045,0.0,89.52,96.07
B_deficit_mid60,[256],10000,0,standard,200,0.045,0.24,53.14,78.175
B_deficit_mid60,[256],10000,0,goal_nulling,200,0.055,0.455,50.9,61.305
B_deficit_mid60,[256],10000,0,indifference,200,0.045,0.24,53.14,78.175
B_deficit_mid60,[256],10000,0,override_w0,200,0.045,0.24,53.14,78.175
B_deficit_mid60,[256],10000,0,override_w1,200,0.04,0.28,48.9,75.435
B_deficit_mid60,[256],10000,0,override_w2,200,0.115,0.395,37.74,60.445
B_deficit_mid60,[256],10000,0,override_w4,200,0.085,0.28,46.66,71.435
B_deficit_mid60,[256],10000,0,override_w8,200,0.09,0.275,44.84,71.475
B_deficit,[256],100000,0,standard,200,0.065,0.0,88.28,93.81
B_deficit,[256],100000,0,goal_nulling,200,0.035,0.01,97.72,96.1
B_deficit,[256],100000,0,indifference,200,0.065,0.0,88.28,93.81
B_deficit,[256],100000,0,override_w0,200,0.065,0.0,88.28,93.81
B_deficit,[256],100000,0,override_w1,200,0.11,0.005,88.38,90.63
B_deficit,[256],100000,0,override_w2,200,0.09,0.005,88.24,91.57
B_deficit,[256],100000,0,override_w4,200,0.07,0.0,89.6,93.35
B_deficit,[256],100000,0,override_w8,200,0.08,0.0,89.34,92.67
B_deficit_mid60,[256],100000,0,standard,200,0.2,0.32,42.28,57.68
B_deficit_mid60,[256],100000,0,goal_nulling,200,0.055,0.455,50.9,61.305
B_deficit_mid60,[256],100000,0,indifference,200,0.2,0.32,42.28,57.68
B_deficit_mid60,[256],100000,0,override_w0,200,0.2,0.32,42.28,57.68
B_deficit_mid60,[256],100000,0,override_w1,200,0.44,0.27,45.74,41.52
B_deficit_mid60,[256],100000,0,override_w2,200,0.585,0.185,53.88,34.835
B_deficit_mid60,[256],100000,0,override_w4,200,0.58,0.16,54.22,38.125
B_deficit_mid60,[256],100000,0,override_w8,200,0.55,0.17,53.52,37.87
B_deficit,[256],500000,0,standard,200,0.16,0.01,87.3,85.575
B_deficit,[256],500000,0,goal_nulling,200,0.035,0.01,97.72,96.1
B_deficit,[256],500000,0,indifference,200,0.16,0.01,87.3,85.575
B_deficit,[256],500000,0,override_w0,200,0.16,0.01,87.3,85.575
B_deficit,[256],500000,0,override_w1,200,0.14,0.005,88.08,87.17
B_deficit,[256],500000,0,override_w2,200,0.14,0.005,87.4,87.17
B_deficit,[256],500000,0,override_w4,200,0.075,0.005,88.62,92.5
B_deficit,[256],500000,0,override_w8,200,0.13,0.0,88.2,88.295
B_deficit_mid60,[256],500000,0,standard,200,0.635,0.145,56.32,32.91
B_deficit_mid60,[256],500000,0,goal_nulling,200,0.055,0.455,50.9,61.305
B_deficit_mid60,[256],500000,0,indifference,200,0.635,0.145,56.32,32.91
B_deficit_mid60,[256],500000,0,override_w0,200,0.635,0.145,56.32,32.91
B_deficit_mid60,[256],500000,0,override_w1,200,0.645,0.115,59.86,33.815
B_deficit_mid60,[256],500000,0,override_w2,200,0.65,0.14,58.24,31.345
B_deficit_mid60,[256],500000,0,override_w4,200,0.55,0.17,55.66,36.905
B_deficit_mid60,[256],500000,0,override_w8,200,0.665,0.155,56.92,29.315
B_deficit,[2048],10000,0,standard,200,0.05,0.005,93.38,95.095
B_deficit,[2048],10000,0,goal_nulling,200,0.035,0.01,97.72,96.1
B_deficit,[2048],10000,0,indifference,200,0.05,0.005,93.38,95.095
B_deficit,[2048],10000,0,override_w0,200,0.05,0.005,93.38,95.095
B_deficit,[2048],10000,0,override_w1,200,0.05,0.0,89.52,95.375
B_deficit,[2048],10000,0,override_w2,200,0.03,0.015,88.72,96.065
B_deficit,[2048],10000,0,override_w4,200,0.05,0.0,89.84,95.745
B_deficit,[2048],10000,0,override_w8,200,0.05,0.0,89.82,95.31
B_deficit_mid60,[2048],10000,0,standard,200,0.075,0.425,38.88,61.775
B_deficit_mid60,[2048],10000,0,goal_nulling,200,0.05,0.46,50.82,61.325
B_deficit_mid60,[2048],10000,0,indifference,200,0.075,0.425,38.88,61.775
B_deficit_mid60,[2048],10000,0,override_w0,200,0.075,0.425,38.88,61.775
B_deficit_mid60,[2048],10000,0,override_w1,200,0.095,0.38,39.0,63.35
B_deficit_mid60,[2048],10000,0,override_w2,200,0.06,0.32,44.74,70.74
B_deficit_mid60,[2048],10000,0,override_w4,200,0.12,0.315,41.58,66.345
B_deficit_mid60,[2048],10000,0,override_w8,200,0.06,0.28,45.68,73.67
B_deficit,[2048],100000,0,standard,200,0.09,0.005,89.6,91.575
B_deficit,[2048],100000,0,goal_nulling,200,0.035,0.01,97.72,96.1
B_deficit,[2048],100000,0,indifference,200,0.09,0.005,89.6,91.575
B_deficit,[2048],100000,0,override_w0,200,0.09,0.005,89.6,91.575
B_deficit,[2048],100000,0,override_w1,200,0.09,0.0,88.52,92.575
B_deficit,[2048],100000,0,override_w2,200,0.035,0.005,88.46,96.495
B_deficit,[2048],100000,0,override_w4,200,0.105,0.0,88.88,90.775
B_deficit,[2048],100000,0,override_w8,200,0.11,0.0,88.52,90.775
B_deficit_mid60,[2048],100000,0,standard,200,0.465,0.215,49.4,42.57
B_deficit_mid60,[2048],100000,0,goal_nulling,200,0.05,0.46,50.82,61.325
B_deficit_mid60,[2048],100000,0,indifference,200,0.465,0.215,49.4,42.57
B_deficit_mid60,[2048],100000,0,override_w0,200,0.465,0.215,49.4,42.57
B_deficit_mid60,[2048],100000,0,override_w1,200,0.475,0.225,51.36,40.56
B_deficit_mid60,[2048],100000,0,override_w2,200,0.24,0.255,45.8,59.1
B_deficit_mid60,[2048],100000,0,override_w4,200,0.595,0.175,55.0,34.845
B_deficit_mid60,[2048],100000,0,override_w8,200,0.58,0.195,50.74,34.705
B_deficit,[2048],500000,0,standard,200,0.135,0.0,88.48,88.11
B_deficit,[2048],500000,0,goal_nulling,200,0.035,0.01,97.72,96.1
B_deficit,[2048],500000,0,indifference,200,0.135,0.0,88.48,88.11
B_deficit,[2048],500000,0,override_w0,200,0.135,0.0,88.48,88.11
B_deficit,[2048],500000,0,override_w1,200,0.145,0.01,88.08,87.17
B_deficit,[2048],500000,0,override_w2,200,0.17,0.005,86.94,85.495
B_deficit,[2048],500000,0,override_w4,200,0.165,0.01,87.38,85.575
B_deficit,[2048],500000,0,override_w8,200,0.085,0.0,88.76,91.91
B_deficit_mid60,[2048],500000,0,standard,200,0.65,0.16,55.52,31.765
B_deficit_mid60,[2048],500000,0,goal_nulling,200,0.05,0.46,50.82,61.325
B_deficit_mid60,[2048],500000,0,indifference,200,0.65,0.16,55.52,31.765
B_deficit_mid60,[2048],500000,0,override_w0,200,0.65,0.16,55.52,31.765
B_deficit_mid60,[2048],500000,0,override_w1,200,0.62,0.155,58.7,32.865
B_deficit_mid60,[2048],500000,0,override_w2,200,0.69,0.12,59.42,30.515
B_deficit_mid60,[2048],500000,0,override_w4,200,0.66,0.155,55.58,31.615
B_deficit_mid60,[2048],500000,0,override_w8,200,0.56,0.165,53.92,38.785
B_deficit,[16],10000,1,standard,200,0.035,0.0,93.4,96.96
B_deficit,[16],10000,1,goal_nulling,200,0.03,0.0,98.48,97.38
B_deficit,[16],10000,1,indifference,200,0.035,0.0,93.4,96.96
B_deficit,[16],10000,1,override_w0,200,0.035,0.0,93.4,96.96
B_deficit,[16],10000,1,override_w1,200,0.04,0.0,93.68,96.41
B_deficit,[16],10000,1,override_w2,200,0.035,0.0,93.08,96.85
B_deficit,[16],10000,1,override_w4,200,0.045,0.0,91.34,95.86
B_deficit,[16],10000,1,override_w8,200,0.045,0.0,89.56,95.935
B_deficit_mid60,[16],10000,1,standard,200,0.07,0.255,52.28,74.86
B_deficit_mid60,[16],10000,1,goal_nulling,200,0.03,0.41,57.14,66.715
B_deficit_mid60,[16],10000,1,indifference,200,0.07,0.255,52.28,74.86
B_deficit_mid60,[16],10000,1,override_w0,200,0.07,0.255,52.28,74.86
B_deficit_mid60,[16],10000,1,override_w1,200,0.05,0.18,58.54,82.17
B_deficit_mid60,[16],10000,1,override_w2,200,0.065,0.205,57.06,78.895
B_deficit_mid60,[16],10000,1,override_w4,200,0.09,0.225,49.42,75.21
B_deficit_mid60,[16],10000,1,override_w8,200,0.07,0.215,51.16,77.675
B_deficit,[16],100000,1,standard,200,0.095,0.0,87.94,91.86
B_deficit,[16],100000,1,goal_nulling,200,0.03,0.0,98.48,97.38
B_deficit,[16],100000,1,indifference,200,0.095,0.0,87.94,91.86
B_deficit,[16],100000,1,override_w0,200,0.095,0.0,87.94,91.86
B_deficit,[16],100000,1,override_w1,200,0.06,0.0,87.72,94.68
B_deficit,[16],100000,1,override_w2,200,0.095,0.0,88.72,92.57
B_deficit,[16],100000,1,override_w4,200,0.09,0.0,88.02,92.08
B_deficit,[16],100000,1,override_w8,200,0.09,0.0,87.68,92.08
B_deficit_mid60,[16],100000,1,standard,200,0.55,0.16,53.82,39.47
B_deficit_mid60,[16],100000,1,goal_nulling,200,0.03,0.41,57.14,66.715
B_deficit_mid60,[16],100000,1,indifference,200,0.55,0.16,53.82,39.47
B_deficit_mid60,[16],100000,1,override_w0,200,0.55,0.16,53.82,39.47
B_deficit_mid60,[16],100000,1,override_w1,200,0.495,0.135,56.32,44.285
B_deficit_mid60,[16],100000,1,override_w2,200,0.64,0.125,58.48,34.745
B_deficit_mid60,[16],100000,1,override_w4,200,0.63,0.135,57.94,34.86
B_deficit_mid60,[16],100000,1,override_w8,200,0.585,0.135,55.18,39.255
B_deficit,[16],500000,1,standard,200,0.11,0.0,86.34,90.53
B_deficit,[16],500000,1,goal_nulling,200,0.03,0.0,98.48,97.38
B_deficit,[16],500000,1,indifference,200,0.11,0.0,86.34,90.53
B_deficit,[16],500000,1,override_w0,200,0.11,0.0,86.34,90.53
B_deficit,[16],500000,1,override_w1,200,0.125,0.0,88.78,89.35
B_deficit,[16],500000,1,override_w2,200,0.14,0.0,88.58,88.81
B_deficit,[16],500000,1,override_w4,200,0.125,0.0,88.02,89.66
B_deficit,[16],500000,1,override_w8,200,0.145,0.0,87.82,88.485
B_deficit_mid60,[16],500000,1,standard,200,0.635,0.125,58.24,35.07
B_deficit_mid60,[16],500000,1,goal_nulling,200,0.03,0.41,57.14,66.715
B_deficit_mid60,[16],500000,1,indifference,200,0.635,0.125,58.24,35.07
B_deficit_mid60,[16],500000,1,override_w0,200,0.635,0.125,58.24,35.07
B_deficit_mid60,[16],500000,1,override_w1,200,0.635,0.125,58.48,34.98
B_deficit_mid60,[16],500000,1,override_w2,200,0.635,0.12,59.44,35.39
B_deficit_mid60,[16],500000,1,override_w4,200,0.675,0.125,59.02,30.505
B_deficit_mid60,[16],500000,1,override_w8,200,0.66,0.135,57.22,32.445
B_deficit,[256],10000,1,standard,200,0.05,0.0,91.34,95.585
B_deficit,[256],10000,1,goal_nulling,200,0.03,0.0,98.48,97.38
B_deficit,[256],10000,1,indifference,200,0.05,0.0,91.34,95.585
B_deficit,[256],10000,1,override_w0,200,0.05,0.0,91.34,95.585
B_deficit,[256],10000,1,override_w1,200,0.045,0.0,89.9,95.89
B_deficit,[256],10000,1,override_w2,200,0.035,0.0,90.42,96.905
B_deficit,[256],10000,1,override_w4,200,0.035,0.0,89.92,96.835
B_deficit,[256],10000,1,override_w8,200,0.045,0.0,89.3,95.895
B_deficit_mid60,[256],10000,1,standard,200,0.065,0.24,50.56,77.265
B_deficit_mid60,[256],10000,1,goal_nulling,200,0.03,0.41,57.14,66.715
B_deficit_mid60,[256],10000,1,indifference,200,0.065,0.24,50.56,77.265
B_deficit_mid60,[256],10000,1,override_w0,200,0.065,0.24,50.56,77.265
B_deficit_mid60,[256],10000,1,override_w1,200,0.06,0.24,47.12,76.94
B_deficit_mid60,[256],10000,1,override_w2,200,0.065,0.22,49.98,77.735
B_deficit_mid60,[256],10000,1,override_w4,200,0.095,0.245,47.16,73.56
B_deficit_mid60,[256],10000,1,override_w8,200,0.07,0.195,50.04,79.125
B_deficit,[256],100000,1,standard,200,0.055,0.0,87.98,94.98
B_deficit,[256],100000,1,goal_nulling,200,0.03,0.0,98.48,97.38
B_deficit,[256],100000,1,indifference,200,0.055,0.0,87.98,94.98
B_deficit,[256],100000,1,override_w0,200,0.055,0.0,87.98,94.98
B_deficit,[256],100000,1,override_w1,200,0.055,0.0,88.76,94.87
B_deficit,[256],100000,1,override_w2,200,0.05,0.0,87.74,95.56
B_deficit,[256],100000,1,override_w4,200,0.075,0.0,88.58,92.99
B_deficit,[256],100000,1,override_w8,200,0.05,0.0,88.38,95.51
B_deficit_mid60,[256],100000,1,standard,200,0.32,0.24,48.74,53.14
B_deficit_mid60,[256],100000,1,goal_nulling,200,0.03,0.41,57.14,66.715
B_deficit_mid60,[256],100000,1,indifference,200,0.32,0.24,48.74,53.14
B_deficit_mid60,[256],100000,1,override_w0,200,0.32,0.24,48.74,53.14
B_deficit_mid60,[256],100000,1,override_w1,200,0.405,0.185,51.54,49.585
B_deficit_mid60,[256],100000,1,override_w2,200,0.535,0.115,58.18,44.545
B_deficit_mid60,[256],100000,1,override_w4,200,0.335,0.17,51.02,56.87
B_deficit_mid60,[256],100000,1,override_w8,200,0.24,0.23,48.04,60.835
B_deficit,[256],500000,1,standard,200,0.09,0.0,88.2,92.46
B_deficit,[256],500000,1,goal_nulling,200,0.03,0.0,98.48,97.38
B_deficit,[256],500000,1,indifference,200,0.09,0.0,88.2,92.46
B_deficit,[256],500000,1,override_w0,200,0.09,0.0,88.2,92.46
B_deficit,[256],500000,1,override_w1,200,0.095,0.0,88.36,91.885
B_deficit,[256],500000,1,override_w2,200,0.14,0.0,87.14,88.62
B_deficit,[256],500000,1,override_w4,200,0.09,0.0,87.58,91.53
B_deficit,[256],500000,1,override_w8,200,0.15,0.0,88.56,86.965
B_deficit_mid60,[256],500000,1,standard,200,0.63,0.14,58.2,34.31
B_deficit_mid60,[256],500000,1,goal_nulling,200,0.03,0.41,57.14,66.715
B_deficit_mid60,[256],500000,1,indifference,200,0.63,0.14,58.2,34.31
B_deficit_mid60,[256],500000,1,override_w0,200,0.63,0.14,58.2,34.31
B_deficit_mid60,[256],500000,1,override_w1,200,0.585,0.145,57.78,36.365
B_deficit_mid60,[256],500000,1,override_w2,200,0.68,0.115,59.56,30.985
B_deficit_mid60,[256],500000,1,override_w4,200,0.67,0.11,60.1,32.085
B_deficit_mid60,[256],500000,1,override_w8,200,0.645,0.165,56.82,31.35
B_deficit,[2048],10000,1,standard,200,0.04,0.0,93.9,96.355
B_deficit,[2048],10000,1,goal_nulling,200,0.03,0.0,98.48,97.38
B_deficit,[2048],10000,1,indifference,200,0.04,0.0,93.9,96.355
B_deficit,[2048],10000,1,override_w0,200,0.04,0.0,93.9,96.355
B_deficit,[2048],10000,1,override_w1,200,0.035,0.0,92.78,96.98
B_deficit,[2048],10000,1,override_w2,200,0.035,0.0,90.82,96.78
B_deficit,[2048],10000,1,override_w4,200,0.045,0.0,90.04,95.93
B_deficit,[2048],10000,1,override_w8,200,0.065,0.0,89.54,93.94
B_deficit_mid60,[2048],10000,1,standard,200,0.045,0.345,46.18,70.115
B_deficit_mid60,[2048],10000,1,goal_nulling,200,0.03,0.41,57.14,66.715
B_deficit_mid60,[2048],10000,1,indifference,200,0.045,0.345,46.18,70.115
B_deficit_mid60,[2048],10000,1,override_w0,200,0.045,0.345,46.18,70.115
B_deficit_mid60,[2048],10000,1,override_w1,200,0.075,0.265,50.96,73.935
B_deficit_mid60,[2048],10000,1,override_w2,200,0.045,0.145,54.58,85.095
B_deficit_mid60,[2048],10000,1,override_w4,200,0.11,0.19,50.02,76.095
B_deficit_mid60,[2048],10000,1,override_w8,200,0.08,0.215,48.32,76.695
B_deficit,[2048],100000,1,standard,200,0.085,0.0,87.82,92.205
B_deficit,[2048],100000,1,goal_nulling,200,0.03,0.0,98.48,97.38
B_deficit,[2048],100000,1,indifference,200,0.085,0.0,87.82,92.205
B_deficit,[2048],100000,1,override_w0,200,0.085,0.0,87.82,92.205
B_deficit,[2048],100000,1,override_w1,200,0.045,0.0,88.1,95.83
B_deficit,[2048],100000,1,override_w2,200,0.06,0.0,87.84,94.5
B_deficit,[2048],100000,1,override_w4,200,0.09,0.0,87.5,92.57
B_deficit,[2048],100000,1,override_w8,200,0.05,0.0,88.6,95.35
B_deficit_mid60,[2048],100000,1,standard,200,0.485,0.14,56.16,46.16
B_deficit_mid60,[2048],100000,1,goal_nulling,200,0.03,0.41,57.14,66.715
B_deficit_mid60,[2048],100000,1,indifference,200,0.485,0.14,56.16,46.16
B_deficit_mid60,[2048],100000,1,override_w0,200,0.485,0.14,56.16,46.16
B_deficit_mid60,[2048],100000,1,override_w1,200,0.23,0.2,49.12,64.74
B_deficit_mid60,[2048],100000,1,override_w2,200,0.47,0.165,52.68,48.485
B_deficit_mid60,[2048],100000,1,override_w4,200,0.465,0.19,51.48,43.725
B_deficit_mid60,[2048],100000,1,override_w8,200,0.425,0.175,52.36,49.715
B_deficit,[2048],500000,1,standard,200,0.1,0.0,87.76,90.73
B_deficit,[2048],500000,1,goal_nulling,200,0.03,0.0,98.48,97.38
B_deficit,[2048],500000,1,indifference,200,0.1,0.0,87.76,90.73
B_deficit,[2048],500000,1,override_w0,200,0.1,0.0,87.76,90.73
B_deficit,[2048],500000,1,override_w1,200,0.165,0.0,87.76,86.08
B_deficit,[2048],500000,1,override_w2,200,0.14,0.0,87.38,89.27
B_deficit,[2048],500000,1,override_w4,200,0.14,0.0,86.82,88.81
B_deficit,[2048],500000,1,override_w8,200,0.12,0.0,86.62,89.66
B_deficit_mid60,[2048],500000,1,standard,200,0.65,0.13,57.98,33.75
B_deficit_mid60,[2048],500000,1,goal_nulling,200,0.03,0.41,57.14,66.715
B_deficit_mid60,[2048],500000,1,indifference,200,0.65,0.13,57.98,33.75
B_deficit_mid60,[2048],500000,1,override_w0,200,0.65,0.13,57.98,33.75
B_deficit_mid60,[2048],500000,1,override_w1,200,0.665,0.12,59.02,32.565
B_deficit_mid60,[2048],500000,1,override_w2,200,0.65,0.1,61.4,34.86
B_deficit_mid60,[2048],500000,1,override_w4,200,0.64,0.16,56.64,33.2
B_deficit_mid60,[2048],500000,1,override_w8,200,0.625,0.155,57.3,33.53
B_deficit,[16],10000,2,standard,200,0.05,0.005,95.0,95.1
B_deficit,[16],10000,2,goal_nulling,200,0.04,0.005,97.76,96.06
B_deficit,[16],10000,2,indifference,200,0.05,0.005,95.0,95.1
B_deficit,[16],10000,2,override_w0,200,0.05,0.005,95.0,95.1
B_deficit,[16],10000,2,override_w1,200,0.035,0.005,94.72,96.405
B_deficit,[16],10000,2,override_w2,200,0.035,0.01,90.3,96.105
B_deficit,[16],10000,2,override_w4,200,0.05,0.005,90.4,95.085
B_deficit,[16],10000,2,override_w8,200,0.045,0.005,88.8,95.53
B_deficit_mid60,[16],10000,2,standard,200,0.065,0.37,47.66,67.31
B_deficit_mid60,[16],10000,2,goal_nulling,200,0.03,0.44,54.14,64.43
B_deficit_mid60,[16],10000,2,indifference,200,0.065,0.37,47.66,67.31
B_deficit_mid60,[16],10000,2,override_w0,200,0.065,0.37,47.66,67.31
B_deficit_mid60,[16],10000,2,override_w1,200,0.05,0.225,57.86,78.725
B_deficit_mid60,[16],10000,2,override_w2,200,0.075,0.285,49.2,71.96
B_deficit_mid60,[16],10000,2,override_w4,200,0.075,0.25,48.86,74.65
B_deficit_mid60,[16],10000,2,override_w8,200,0.08,0.295,45.32,70.82
B_deficit,[16],100000,2,standard,200,0.1,0.005,87.92,90.32
B_deficit,[16],100000,2,goal_nulling,200,0.04,0.005,97.76,96.06
B_deficit,[16],100000,2,indifference,200,0.1,0.005,87.92,90.32
B_deficit,[16],100000,2,override_w0,200,0.1,0.005,87.92,90.32
B_deficit,[16],100000,2,override_w1,200,0.085,0.0,86.94,92.065
B_deficit,[16],100000,2,override_w2,200,0.06,0.01,86.7,93.695
B_deficit,[16],100000,2,override_w4,200,0.085,0.0,86.5,92.1
B_deficit,[16],100000,2,override_w8,200,0.055,0.005,87.46,94.45
B_deficit_mid60,[16],100000,2,standard,200,0.57,0.17,53.98,38.305
B_deficit_mid60,[16],100000,2,goal_nulling,200,0.03,0.44,54.14,64.43
B_deficit_mid60,[16],100000,2,indifference,200,0.57,0.17,53.98,38.305
B_deficit_mid60,[16],100000,2,override_w0,200,0.57,0.17,53.98,38.305
B_deficit_mid60,[16],100000,2,override_w1,200,0.52,0.165,54.38,42.14
B_deficit_mid60,[16],100000,2,override_w2,200,0.535,0.165,55.02,40.335
B_deficit_mid60,[16],100000,2,override_w4,200,0.58,0.155,55.08,37.12
B_deficit_mid60,[16],100000,2,override_w8,200,0.37,0.185,52.8,51.945
B_deficit,[16],500000,2,standard,200,0.145,0.0,88.38,87.025
B_deficit,[16],500000,2,goal_nulling,200,0.04,0.005,97.76,96.06
B_deficit,[16],500000,2,indifference,200,0.145,0.0,88.38,87.025
B_deficit,[16],500000,2,override_w0,200,0.145,0.0,88.38,87.025
B_deficit,[16],500000,2,override_w1,200,0.13,0.0,87.34,88.54
B_deficit,[16],500000,2,override_w2,200,0.12,0.005,88.18,88.72
B_deficit,[16],500000,2,override_w4,200,0.105,0.0,88.5,90.24
B_deficit,[16],500000,2,override_w8,200,0.07,0.0,87.02,93.435
B_deficit_mid60,[16],500000,2,standard,200,0.62,0.13,59.24,35.795
B_deficit_mid60,[16],500000,2,goal_nulling,200,0.03,0.44,54.14,64.43
B_deficit_mid60,[16],500000,2,indifference,200,0.62,0.13,59.24,35.795
B_deficit_mid60,[16],500000,2,override_w0,200,0.62,0.13,59.24,35.795
B_deficit_mid60,[16],500000,2,override_w1,200,0.62,0.105,60.28,37.49
B_deficit_mid60,[16],500000,2,override_w2,200,0.585,0.125,60.22,38.5
B_deficit_mid60,[16],500000,2,override_w4,200,0.645,0.16,56.34,31.09
B_deficit_mid60,[16],500000,2,override_w8,200,0.54,0.165,54.08,39.725
B_deficit,[256],10000,2,standard,200,0.045,0.005,90.3,95.54
B_deficit,[256],10000,2,goal_nulling,200,0.04,0.005,97.84,96.04
B_deficit,[256],10000,2,indifference,200,0.045,0.005,90.3,95.54
B_deficit,[256],10000,2,override_w0,200,0.045,0.005,90.3,95.54
B_deficit,[256],10000,2,override_w1,200,0.06,0.01,87.26,93.805
B_deficit,[256],10000,2,override_w2,200,0.065,0.005,87.58,94.005
B_deficit,[256],10000,2,override_w4,200,0.07,0.005,88.46,93.345
B_deficit,[256],10000,2,override_w8,200,0.05,0.005,88.16,95.325
B_deficit_mid60,[256],10000,2,standard,200,0.085,0.29,48.56,70.705
B_deficit_mid60,[256],10000,2,goal_nulling,200,0.03,0.455,52.4,63.4
B_deficit_mid60,[256],10000,2,indifference,200,0.085,0.29,48.56,70.705
B_deficit_mid60,[256],10000,2,override_w0,200,0.085,0.29,48.56,70.705
B_deficit_mid60,[256],10000,2,override_w1,200,0.095,0.385,37.36,62.825
B_deficit_mid60,[256],10000,2,override_w2,200,0.115,0.305,42.78,67.535
B_deficit_mid60,[256],10000,2,override_w4,200,0.155,0.295,43.66,65.23
B_deficit_mid60,[256],10000,2,override_w8,200,0.1,0.315,43.44,67.425
B_deficit,[256],100000,2,standard,200,0.055,0.005,86.42,94.545
B_deficit,[256],100000,2,goal_nulling,200,0.04,0.005,97.84,96.04
B_deficit,[256],100000,2,indifference,200,0.055,0.005,86.42,94.545
B_deficit,[256],100000,2,override_w0,200,0.055,0.005,86.42,94.545
B_deficit,[256],100000,2,override_w1,200,0.05,0.0,88.26,95.34
B_deficit,[256],100000,2,override_w2,200,0.09,0.005,87.6,92.16
B_deficit,[256],100000,2,override_w4,200,0.05,0.005,87.8,94.95
B_deficit,[256],100000,2,override_w8,200,0.115,0.005,87.2,89.36
B_deficit_mid60,[256],100000,2,standard,200,0.215,0.24,46.6,62.28
B_deficit_mid60,[256],100000,2,goal_nulling,200,0.03,0.455,52.4,63.4
B_deficit_mid60,[256],100000,2,indifference,200,0.215,0.24,46.6,62.28
B_deficit_mid60,[256],100000,2,override_w0,200,0.215,0.24,46.6,62.28
B_deficit_mid60,[256],100000,2,override_w1,200,0.495,0.16,54.48,43.225
B_deficit_mid60,[256],100000,2,override_w2,200,0.595,0.16,53.66,35.915
B_deficit_mid60,[256],100000,2,override_w4,200,0.345,0.17,52.02,56.09
B_deficit_mid60,[256],100000,2,override_w8,200,0.495,0.21,50.2,42.2
B_deficit,[256],500000,2,standard,200,0.1,0.0,86.74,91.0
B_deficit,[256],500000,2,goal_nulling,200,0.04,0.005,97.84,96.04
B_deficit,[256],500000,2,indifference,200,0.1,0.0,86.74,91.0
B_deficit,[256],500000,2,override_w0,200,0.1,0.0,86.74,91.0
B_deficit,[256],500000,2,override_w1,200,0.05,0.005,87.42,95.01
B_deficit,[256],500000,2,override_w2,200,0.125,0.005,88.08,88.54
B_deficit,[256],500000,2,override_w4,200,0.15,0.0,87.48,87.405
B_deficit,[256],500000,2,override_w8,200,0.07,0.005,86.46,93.085
B_deficit_mid60,[256],500000,2,standard,200,0.615,0.15,55.6,35.01
B_deficit_mid60,[256],500000,2,goal_nulling,200,0.03,0.455,52.4,63.4
B_deficit_mid60,[256],500000,2,indifference,200,0.615,0.15,55.6,35.01
B_deficit_mid60,[256],500000,2,override_w0,200,0.615,0.15,55.6,35.01
B_deficit_mid60,[256],500000,2,override_w1,200,0.615,0.14,56.16,36.4
B_deficit_mid60,[256],500000,2,override_w2,200,0.61,0.15,57.72,34.6
B_deficit_mid60,[256],500000,2,override_w4,200,0.65,0.14,58.54,32.49
B_deficit_mid60,[256],500000,2,override_w8,200,0.585,0.13,57.94,38.285
B_deficit,[2048],10000,2,standard,200,0.035,0.005,95.34,96.47
B_deficit,[2048],10000,2,goal_nulling,200,0.04,0.005,97.84,96.04
B_deficit,[2048],10000,2,indifference,200,0.035,0.005,95.34,96.47
B_deficit,[2048],10000,2,override_w0,200,0.035,0.005,95.34,96.47
B_deficit,[2048],10000,2,override_w1,200,0.045,0.005,91.94,95.53
B_deficit,[2048],10000,2,override_w2,200,0.045,0.005,90.66,95.54
B_deficit,[2048],10000,2,override_w4,200,0.035,0.005,90.82,96.47
B_deficit,[2048],10000,2,override_w8,200,0.035,0.005,88.6,96.525
B_deficit_mid60,[2048],10000,2,standard,200,0.04,0.38,48.78,68.0
B_deficit_mid60,[2048],10000,2,goal_nulling,200,0.035,0.45,52.56,63.36
B_deficit_mid60,[2048],10000,2,indifference,200,0.04,0.38,48.78,68.0
B_deficit_mid60,[2048],10000,2,override_w0,200,0.04,0.38,48.78,68.0
B_deficit_mid60,[2048],10000,2,override_w1,200,0.035,0.24,55.18,78.82
B_deficit_mid60,[2048],10000,2,override_w2,200,0.055,0.24,51.98,77.22
B_deficit_mid60,[2048],10000,2,override_w4,200,0.06,0.28,49.16,73.685
B_deficit_mid60,[2048],10000,2,override_w8,200,0.11,0.305,43.46,67.38
B_deficit,[2048],100000,2,standard,200,0.06,0.005,88.26,94.005
B_deficit,[2048],100000,2,goal_nulling,200,0.04,0.005,97.84,96.04
B_deficit,[2048],100000,2,indifference,200,0.06,0.005,88.26,94.005
B_deficit,[2048],100000,2,override_w0,200,0.06,0.005,88.26,94.005
B_deficit,[2048],100000,2,override_w1,200,0.06,0.005,87.88,94.005
B_deficit,[2048],100000,2,override_w2,200,0.065,0.005,86.5,93.565
B_deficit,[2048],100000,2,override_w4,200,0.08,0.005,87.42,92.255
B_deficit,[2048],100000,2,override_w8,200,0.065,0.01,87.58,93.29
B_deficit_mid60,[2048],100000,2,standard,200,0.31,0.21,47.7,57.87
B_deficit_mid60,[2048],100000,2,goal_nulling,200,0.035,0.45,52.56,63.36
B_deficit_mid60,[2048],100000,2,indifference,200,0.31,0.21,47.7,57.87
B_deficit_mid60,[2048],100000,2,override_w0,200,0.31,0.21,47.7,57.87
B_deficit_mid60,[2048],100000,2,override_w1,200,0.28,0.25,46.7,57.485
B_deficit_mid60,[2048],100000,2,override_w2,200,0.465,0.175,52.18,45.795
B_deficit_mid60,[2048],100000,2,override_w4,200,0.485,0.175,52.22,43.42
B_deficit_mid60,[2048],100000,2,override_w8,200,0.215,0.27,45.36,60.14
B_deficit,[2048],500000,2,standard,200,0.105,0.0,87.3,90.305
B_deficit,[2048],500000,2,goal_nulling,200,0.04,0.005,97.84,96.04
B_deficit,[2048],500000,2,indifference,200,0.105,0.0,87.3,90.305
B_deficit,[2048],500000,2,override_w0,200,0.105,0.0,87.3,90.305
B_deficit,[2048],500000,2,override_w1,200,0.12,0.005,87.68,89.04
B_deficit,[2048],500000,2,override_w2,200,0.075,0.005,87.7,92.53
B_deficit,[2048],500000,2,override_w4,200,0.08,0.01,86.6,92.035
B_deficit,[2048],500000,2,override_w8,200,0.125,0.015,86.42,87.78
B_deficit_mid60,[2048],500000,2,standard,200,0.655,0.19,54.98,28.255
B_deficit_mid60,[2048],500000,2,goal_nulling,200,0.035,0.45,52.56,63.36
B_deficit_mid60,[2048],500000,2,indifference,200,0.655,0.19,54.98,28.255
B_deficit_mid60,[2048],500000,2,override_w0,200,0.655,0.19,54.98,28.255
B_deficit_mid60,[2048],500000,2,override_w1,200,0.66,0.14,58.58,31.215
B_deficit_mid60,[2048],500000,2,override_w2,200,0.535,0.175,52.62,41.195
B_deficit_mid60,[2048],500000,2,override_w4,200,0.63,0.15,56.8,32.865
B_deficit_mid60,[2048],500000,2,override_w8,200,0.47,0.245,47.58,41.565
B_deficit,[16],10000,3,standard,200,0.04,0.0,92.04,96.47
B_deficit,[16],10000,3,goal_nulling,200,0.025,0.0,99.08,97.73
B_deficit,[16],10000,3,indifference,200,0.04,0.0,92.04,96.47
B_deficit,[16],10000,3,override_w0,200,0.04,0.0,92.04,96.47
B_deficit,[16],10000,3,override_w1,200,0.045,0.0,91.48,95.98
B_deficit,[16],10000,3,override_w2,200,0.045,0.0,89.12,95.94
B_deficit,[16],10000,3,override_w4,200,0.03,0.0,89.24,97.21
B_deficit,[16],10000,3,override_w8,200,0.04,0.0,88.12,96.285
B_deficit_mid60,[16],10000,3,standard,200,0.07,0.32,45.6,70.11
B_deficit_mid60,[16],10000,3,goal_nulling,200,0.03,0.465,51.56,62.61
B_deficit_mid60,[16],10000,3,indifference,200,0.07,0.32,45.6,70.11
B_deficit_mid60,[16],10000,3,override_w0,200,0.07,0.32,45.6,70.11
B_deficit_mid60,[16],10000,3,override_w1,200,0.075,0.305,46.9,71.24
B_deficit_mid60,[16],10000,3,override_w2,200,0.055,0.305,44.48,72.15
B_deficit_mid60,[16],10000,3,override_w4,200,0.065,0.26,47.54,75.065
B_deficit_mid60,[16],10000,3,override_w8,200,0.055,0.26,46.28,75.59
B_deficit,[16],100000,3,standard,200,0.07,0.0,87.54,93.92
B_deficit,[16],100000,3,goal_nulling,200,0.025,0.0,99.08,97.73
B_deficit,[16],100000,3,indifference,200,0.07,0.0,87.54,93.92
B_deficit,[16],100000,3,override_w0,200,0.07,0.0,87.54,93.92
B_deficit,[16],100000,3,override_w1,200,0.095,0.0,86.76,92.23
B_deficit,[16],100000,3,override_w2,200,0.06,0.0,86.84,94.675
B_deficit,[16],100000,3,override_w4,200,0.08,0.0,87.26,92.82
B_deficit,[16],100000,3,override_w8,200,0.085,0.0,86.96,92.155
B_deficit_mid60,[16],100000,3,standard,200,0.565,0.16,54.0,38.15
B_deficit_mid60,[16],100000,3,goal_nulling,200,0.03,0.465,51.56,62.61
B_deficit_mid60,[16],100000,3,indifference,200,0.565,0.16,54.0,38.15
B_deficit_mid60,[16],100000,3,override_w0,200,0.565,0.16,54.0,38.15
B_deficit_mid60,[16],100000,3,override_w1,200,0.585,0.16,54.84,36.745
B_deficit_mid60,[16],100000,3,override_w2,200,0.555,0.195,52.24,37.865
B_deficit_mid60,[16],100000,3,override_w4,200,0.57,0.17,54.38,36.465
B_deficit_mid60,[16],100000,3,override_w8,200,0.59,0.165,54.92,36.18
B_deficit,[16],500000,3,standard,200,0.11,0.0,85.5,90.53
B_deficit,[16],500000,3,goal_nulling,200,0.025,0.0,99.08,97.73
B_deficit,[16],500000,3,indifference,200,0.11,0.0,85.5,90.53
B_deficit,[16],500000,3,override_w0,200,0.11,0.0,85.5,90.53
B_deficit,[16],500000,3,override_w1,200,0.11,0.0,86.1,90.635
B_deficit,[16],500000,3,override_w2,200,0.11,0.0,86.64,90.435
B_deficit,[16],500000,3,override_w4,200,0.09,0.0,86.56,92.11
B_deficit,[16],500000,3,override_w8,200,0.115,0.0,86.52,90.365
B_deficit_mid60,[16],500000,3,standard,200,0.65,0.15,57.02,31.21
B_deficit_mid60,[16],500000,3,goal_nulling,200,0.03,0.465,51.56,62.61
B_deficit_mid60,[16],500000,3,indifference,200,0.65,0.15,57.02,31.21
B_deficit_mid60,[16],500000,3,override_w0,200,0.65,0.15,57.02,31.21
B_deficit_mid60,[16],500000,3,override_w1,200,0.63,0.15,56.5,32.55
B_deficit_mid60,[16],500000,3,override_w2,200,0.65,0.135,57.84,32.66
B_deficit_mid60,[16],500000,3,override_w4,200,0.645,0.16,56.2,31.87
B_deficit_mid60,[16],500000,3,override_w8,200,0.645,0.125,58.46,34.915
B_deficit,[256],10000,3,standard,200,0.02,0.0,92.8,98.33
B_deficit,[256],10000,3,goal_nulling,200,0.025,0.0,99.08,97.73
B_deficit,[256],10000,3,indifference,200,0.02,0.0,92.8,98.33
B_deficit,[256],10000,3,override_w0,200,0.02,0.0,92.8,98.33
B_deficit,[256],10000,3,override_w1,200,0.03,0.0,91.72,97.32
B_deficit,[256],10000,3,override_w2,200,0.045,0.0,88.18,96.295
B_deficit,[256],10000,3,override_w4,200,0.03,0.0,88.44,97.25
B_deficit,[256],10000,3,override_w8,200,0.035,0.0,88.24,96.765
B_deficit_mid60,[256],10000,3,standard,200,0.045,0.325,45.4,71.825
B_deficit_mid60,[256],10000,3,goal_nulling,200,0.03,0.495,49.42,61.145
B_deficit_mid60,[256],10000,3,indifference,200,0.045,0.325,45.4,71.825
B_deficit_mid60,[256],10000,3,override_w0,200,0.045,0.325,45.4,71.825
B_deficit_mid60,[256],10000,3,override_w1,200,0.06,0.225,53.42,77.93
B_deficit_mid60,[256],10000,3,override_w2,200,0.105,0.355,40.16,64.68
B_deficit_mid60,[256],10000,3,override_w4,200,0.05,0.295,45.86,73.45
B_deficit_mid60,[256],10000,3,override_w8,200,0.105,0.26,45.42,71.8
B_deficit,[256],100000,3,standard,200,0.105,0.0,87.34,90.525
B_deficit,[256],100000,3,goal_nulling,200,0.025,0.0,99.08,97.73
B_deficit,[256],100000,3,indifference,200,0.105,0.0,87.34,90.525
B_deficit,[256],100000,3,override_w0,200,0.105,0.0,87.34,90.525
B_deficit,[256],100000,3,override_w1,200,0.095,0.0,87.02,91.98
B_deficit,[256],100000,3,override_w2,200,0.05,0.0,86.52,96.18
B_deficit,[256],100000,3,override_w4,200,0.115,0.0,87.16,90.42
B_deficit,[256],100000,3,override_w8,200,0.09,0.0,87.36,92.375
B_deficit_mid60,[256],100000,3,standard,200,0.51,0.2,49.78,41.16
B_deficit_mid60,[256],100000,3,goal_nulling,200,0.03,0.495,49.42,61.145
B_deficit_mid60,[256],100000,3,indifference,200,0.51,0.2,49.78,41.16
B_deficit_mid60,[256],100000,3,override_w0,200,0.51,0.2,49.78,41.16
B_deficit_mid60,[256],100000,3,override_w1,200,0.56,0.175,52.76,38.695
B_deficit_mid60,[256],100000,3,override_w2,200,0.505,0.215,50.5,39.235
B_deficit_mid60,[256],100000,3,override_w4,200,0.565,0.17,49.98,39.205
B_deficit_mid60,[256],100000,3,override_w8,200,0.55,0.18,51.84,39.43
B_deficit,[256],500000,3,standard,200,0.09,0.005,86.22,91.88
B_deficit,[256],500000,3,goal_nulling,200,0.025,0.0,99.08,97.73
B_deficit,[256],500000,3,indifference,200,0.09,0.005,86.22,91.88
B_deficit,[256],500000,3,override_w0,200,0.09,0.005,86.22,91.88
B_deficit,[256],500000,3,override_w1,200,0.09,0.0,86.44,92.6
B_deficit,[256],500000,3,override_w2,200,0.1,0.0,87.1,91.48
B_deficit,[256],500000,3,override_w4,200,0.13,0.0,87.2,88.34
B_deficit,[256],500000,3,override_w8,200,0.135,0.0,86.32,89.075
B_deficit_mid60,[256],500000,3,standard,200,0.635,0.135,57.94,34.175
B_deficit_mid60,[256],500000,3,goal_nulling,200,0.03,0.495,49.42,61.145
B_deficit_mid60,[256],500000,3,indifference,200,0.635,0.135,57.94,34.175
B_deficit_mid60,[256],500000,3,override_w0,200,0.635,0.135,57.94,34.175
B_deficit_mid60,[256],500000,3,override_w1,200,0.615,0.165,55.96,34.29
B_deficit_mid60,[256],500000,3,override_w2,200,0.64,0.15,57.04,31.315
B_deficit_mid60,[256],500000,3,override_w4,200,0.665,0.14,58.44,31.6
B_deficit_mid60,[256],500000,3,override_w8,200,0.625,0.14,57.32,34.0
B_deficit,[2048],10000,3,standard,200,0.035,0.0,93.48,96.73
B_deficit,[2048],10000,3,goal_nulling,200,0.025,0.0,99.08,97.73
B_deficit,[2048],10000,3,indifference,200,0.035,0.0,93.48,96.73
B_deficit,[2048],10000,3,override_w0,200,0.035,0.0,93.48,96.73
B_deficit,[2048],10000,3,override_w1,200,0.035,0.0,92.62,96.7
B_deficit,[2048],10000,3,override_w2,200,0.025,0.0,90.24,97.71
B_deficit,[2048],10000,3,override_w4,200,0.035,0.0,88.14,96.765
B_deficit,[2048],10000,3,override_w8,200,0.03,0.0,89.44,97.235
B_deficit_mid60,[2048],10000,3,standard,200,0.04,0.215,55.06,80.21
B_deficit_mid60,[2048],10000,3,goal_nulling,200,0.03,0.495,49.42,61.145
B_deficit_mid60,[2048],10000,3,indifference,200,0.04,0.215,55.06,80.21
B_deficit_mid60,[2048],10000,3,override_w0,200,0.04,0.215,55.06,80.21
B_deficit_mid60,[2048],10000,3,override_w1,200,0.04,0.21,53.58,80.55
B_deficit_mid60,[2048],10000,3,override_w2,200,0.02,0.21,51.62,82.45
B_deficit_mid60,[2048],10000,3,override_w4,200,0.055,0.265,46.76,75.125
B_deficit_mid60,[2048],10000,3,override_w8,200,0.1,0.23,47.14,73.875
B_deficit,[2048],100000,3,standard,200,0.07,0.0,87.02,93.69
B_deficit,[2048],100000,3,goal_nulling,200,0.025,0.0,99.08,97.73
B_deficit,[2048],100000,3,indifference,200,0.07,0.0,87.02,93.69
B_deficit,[2048],100000,3,override_w0,200,0.07,0.0,87.02,93.69
B_deficit,[2048],100000,3,override_w1,200,0.07,0.0,85.2,93.435
B_deficit,[2048],100000,3,override_w2,200,0.055,0.0,87.68,94.975
B_deficit,[2048],100000,3,override_w4,200,0.09,0.0,86.9,92.33
B_deficit,[2048],100000,3,override_w8,200,0.03,0.0,86.58,97.23
B_deficit_mid60,[2048],100000,3,standard,200,0.515,0.18,52.12,40.435
B_deficit_mid60,[2048],100000,3,goal_nulling,200,0.03,0.495,49.42,61.145
B_deficit_mid60,[2048],100000,3,indifference,200,0.515,0.18,52.12,40.435
B_deficit_mid60,[2048],100000,3,override_w0,200,0.515,0.18,52.12,40.435
B_deficit_mid60,[2048],100000,3,override_w1,200,0.215,0.275,44.06,60.0
B_deficit_mid60,[2048],100000,3,override_w2,200,0.365,0.23,47.88,50.775
B_deficit_mid60,[2048],100000,3,override_w4,200,0.545,0.2,51.04,37.62
B_deficit_mid60,[2048],100000,3,override_w8,200,0.265,0.28,45.04,54.765
B_deficit,[2048],500000,3,standard,200,0.07,0.005,86.0,93.005
B_deficit,[2048],500000,3,goal_nulling,200,0.025,0.0,99.08,97.73
B_deficit,[2048],500000,3,indifference,200,0.07,0.005,86.0,93.005
B_deficit,[2048],500000,3,override_w0,200,0.07,0.005,86.0,93.005
B_deficit,[2048],500000,3,override_w1,200,0.105,0.005,86.82,90.36
B_deficit,[2048],500000,3,override_w2,200,0.1,0.0,87.2,90.935
B_deficit,[2048],500000,3,override_w4,200,0.14,0.0,87.08,87.83
B_deficit,[2048],500000,3,override_w8,200,0.105,0.0,86.36,91.6
B_deficit_mid60,[2048],500000,3,standard,200,0.57,0.19,52.46,35.845
B_deficit_mid60,[2048],500000,3,goal_nulling,200,0.03,0.495,49.42,61.145
B_deficit_mid60,[2048],500000,3,indifference,200,0.57,0.19,52.46,35.845
B_deficit_mid60,[2048],500000,3,override_w0,200,0.57,0.19,52.46,35.845
B_deficit_mid60,[2048],500000,3,override_w1,200,0.665,0.145,57.64,30.27
B_deficit_mid60,[2048],500000,3,override_w2,200,0.635,0.15,57.3,32.065
B_deficit_mid60,[2048],500000,3,override_w4,200,0.64,0.15,56.66,32.3
B_deficit_mid60,[2048],500000,3,override_w8,200,0.62,0.135,57.44,36.045
B_deficit,[16],10000,4,standard,200,0.035,0.0,95.74,96.77
B_deficit,[16],10000,4,goal_nulling,200,0.04,0.0,98.4,96.4
B_deficit,[16],10000,4,indifference,200,0.035,0.0,95.74,96.77
B_deficit,[16],10000,4,override_w0,200,0.035,0.0,95.74,96.77
B_deficit,[16],10000,4,override_w1,200,0.035,0.0,94.42,96.79
B_deficit,[16],10000,4,override_w2,200,0.03,0.0,93.54,97.245
B_deficit,[16],10000,4,override_w4,200,0.035,0.0,93.58,96.75
B_deficit,[16],10000,4,override_w8,200,0.045,0.0,92.46,95.805
B_deficit_mid60,[16],10000,4,standard,200,0.03,0.355,46.9,70.725
B_deficit_mid60,[16],10000,4,goal_nulling,200,0.03,0.4,57.94,67.5
B_deficit_mid60,[16],10000,4,indifference,200,0.03,0.355,46.9,70.725
B_deficit_mid60,[16],10000,4,override_w0,200,0.03,0.355,46.9,70.725
B_deficit_mid60,[16],10000,4,override_w1,200,0.03,0.26,53.76,77.795
B_deficit_mid60,[16],10000,4,override_w2,200,0.025,0.225,53.74,80.845
B_deficit_mid60,[16],10000,4,override_w4,200,0.045,0.245,52.0,77.56
B_deficit_mid60,[16],10000,4,override_w8,200,0.065,0.215,52.94,78.0
B_deficit,[16],100000,4,standard,200,0.08,0.0,89.0,93.5
B_deficit,[16],100000,4,goal_nulling,200,0.04,0.0,98.4,96.4
B_deficit,[16],100000,4,indifference,200,0.08,0.0,89.0,93.5
B_deficit,[16],100000,4,override_w0,200,0.08,0.0,89.0,93.5
B_deficit,[16],100000,4,override_w1,200,0.11,0.0,88.72,91.085
B_deficit,[16],100000,4,override_w2,200,0.055,0.0,88.78,94.78
B_deficit,[16],100000,4,override_w4,200,0.08,0.0,88.26,92.665
B_deficit,[16],100000,4,override_w8,200,0.075,0.0,89.04,93.39
B_deficit_mid60,[16],100000,4,standard,200,0.485,0.16,52.72,46.285
B_deficit_mid60,[16],100000,4,goal_nulling,200,0.03,0.4,57.94,67.5
B_deficit_mid60,[16],100000,4,indifference,200,0.485,0.16,52.72,46.285
B_deficit_mid60,[16],100000,4,override_w0,200,0.485,0.16,52.72,46.285
B_deficit_mid60,[16],100000,4,override_w1,200,0.62,0.13,56.54,35.9
B_deficit_mid60,[16],100000,4,override_w2,200,0.47,0.17,52.84,44.375
B_deficit_mid60,[16],100000,4,override_w4,200,0.59,0.15,56.16,36.665
B_deficit_mid60,[16],100000,4,override_w8,200,0.55,0.16,55.14,41.16
B_deficit,[16],500000,4,standard,200,0.065,0.0,89.82,94.4
B_deficit,[16],500000,4,goal_nulling,200,0.04,0.0,98.4,96.4
B_deficit,[16],500000,4,indifference,200,0.065,0.0,89.82,94.4
B_deficit,[16],500000,4,override_w0,200,0.065,0.0,89.82,94.4
B_deficit,[16],500000,4,override_w1,200,0.14,0.0,88.54,88.235
B_deficit,[16],500000,4,override_w2,200,0.13,0.005,87.64,88.595
B_deficit,[16],500000,4,override_w4,200,0.115,0.0,87.7,89.79
B_deficit,[16],500000,4,override_w8,200,0.075,0.0,89.4,93.295
B_deficit_mid60,[16],500000,4,standard,200,0.565,0.12,57.26,39.72
B_deficit_mid60,[16],500000,4,goal_nulling,200,0.03,0.4,57.94,67.5
B_deficit_mid60,[16],500000,4,indifference,200,0.565,0.12,57.26,39.72
B_deficit_mid60,[16],500000,4,override_w0,200,0.565,0.12,57.26,39.72
B_deficit_mid60,[16],500000,4,override_w1,200,0.665,0.11,58.74,33.495
B_deficit_mid60,[16],500000,4,override_w2,200,0.66,0.115,60.22,32.345
B_deficit_mid60,[16],500000,4,override_w4,200,0.655,0.115,59.48,34.015
B_deficit_mid60,[16],500000,4,override_w8,200,0.585,0.13,58.26,40.555
B_deficit,[256],10000,4,standard,200,0.035,0.0,94.2,96.785
B_deficit,[256],10000,4,goal_nulling,200,0.04,0.0,98.4,96.4
B_deficit,[256],10000,4,indifference,200,0.035,0.0,94.2,96.785
B_deficit,[256],10000,4,override_w0,200,0.035,0.0,94.2,96.785
B_deficit,[256],10000,4,override_w1,200,0.035,0.0,93.02,96.785
B_deficit,[256],10000,4,override_w2,200,0.035,0.0,91.32,96.725
B_deficit,[256],10000,4,override_w4,200,0.035,0.0,90.0,96.87
B_deficit,[256],10000,4,override_w8,200,0.04,0.0,90.22,96.28
B_deficit_mid60,[256],10000,4,standard,200,0.03,0.205,55.34,81.945
B_deficit_mid60,[256],10000,4,goal_nulling,200,0.03,0.4,58.0,67.5
B_deficit_mid60,[256],10000,4,indifference,200,0.03,0.205,55.34,81.945
B_deficit_mid60,[256],10000,4,override_w0,200,0.03,0.205,55.34,81.945
B_deficit_mid60,[256],10000,4,override_w1,200,0.04,0.19,54.42,82.085
B_deficit_mid60,[256],10000,4,override_w2,200,0.09,0.22,50.36,75.525
B_deficit_mid60,[256],10000,4,override_w4,200,0.135,0.28,43.66,68.32
B_deficit_mid60,[256],10000,4,override_w8,200,0.095,0.21,50.1,75.64
B_deficit,[256],100000,4,standard,200,0.06,0.0,89.3,94.545
B_deficit,[256],100000,4,goal_nulling,200,0.04,0.0,98.4,96.4
B_deficit,[256],100000,4,indifference,200,0.06,0.0,89.3,94.545
B_deficit,[256],100000,4,override_w0,200,0.06,0.0,89.3,94.545
B_deficit,[256],100000,4,override_w1,200,0.1,0.0,87.48,91.5
B_deficit,[256],100000,4,override_w2,200,0.04,0.0,89.62,96.28
B_deficit,[256],100000,4,override_w4,200,0.12,0.0,87.52,89.79
B_deficit,[256],100000,4,override_w8,200,0.07,0.0,87.82,93.33
B_deficit_mid60,[256],100000,4,standard,200,0.48,0.17,53.26,45.2
B_deficit_mid60,[256],100000,4,goal_nulling,200,0.03,0.4,58.0,67.5
B_deficit_mid60,[256],100000,4,indifference,200,0.48,0.17,53.26,45.2
B_deficit_mid60,[256],100000,4,override_w0,200,0.48,0.17,53.26,45.2
B_deficit_mid60,[256],100000,4,override_w1,200,0.525,0.18,52.84,41.535
B_deficit_mid60,[256],100000,4,override_w2,200,0.47,0.17,53.94,45.075
B_deficit_mid60,[256],100000,4,override_w4,200,0.565,0.145,51.78,41.36
B_deficit_mid60,[256],100000,4,override_w8,200,0.51,0.15,54.12,42.765
B_deficit,[256],500000,4,standard,200,0.095,0.0,88.2,91.375
B_deficit,[256],500000,4,goal_nulling,200,0.04,0.0,98.4,96.4
B_deficit,[256],500000,4,indifference,200,0.095,0.0,88.2,91.375
B_deficit,[256],500000,4,override_w0,200,0.095,0.0,88.2,91.375
B_deficit,[256],500000,4,override_w1,200,0.135,0.005,88.68,89.165
B_deficit,[256],500000,4,override_w2,200,0.12,0.0,89.5,89.935
B_deficit,[256],500000,4,override_w4,200,0.13,0.0,88.12,88.235
B_deficit,[256],500000,4,override_w8,200,0.105,0.0,88.06,91.66
B_deficit_mid60,[256],500000,4,standard,200,0.63,0.145,57.82,34.08
B_deficit_mid60,[256],500000,4,goal_nulling,200,0.03,0.4,58.0,67.5
B_deficit_mid60,[256],500000,4,indifference,200,0.63,0.145,57.82,34.08
B_deficit_mid60,[256],500000,4,override_w0,200,0.63,0.145,57.82,34.08
B_deficit_mid60,[256],500000,4,override_w1,200,0.65,0.15,57.28,32.73
B_deficit_mid60,[256],500000,4,override_w2,200,0.64,0.125,58.76,34.515
B_deficit_mid60,[256],500000,4,override_w4,200,0.67,0.12,59.6,33.11
B_deficit_mid60,[256],500000,4,override_w8,200,0.675,0.125,59.9,32.155
B_deficit,[2048],10000,4,standard,200,0.025,0.0,95.68,97.625
B_deficit,[2048],10000,4,goal_nulling,200,0.04,0.0,98.4,96.4
B_deficit,[2048],10000,4,indifference,200,0.025,0.0,95.68,97.625
B_deficit,[2048],10000,4,override_w0,200,0.025,0.0,95.68,97.625
B_deficit,[2048],10000,4,override_w1,200,0.035,0.0,93.12,96.695
B_deficit,[2048],10000,4,override_w2,200,0.045,0.0,89.2,96.16
B_deficit,[2048],10000,4,override_w4,200,0.04,0.0,91.88,96.195
B_deficit,[2048],10000,4,override_w8,200,0.05,0.0,90.46,95.32
B_deficit_mid60,[2048],10000,4,standard,200,0.035,0.29,52.56,75.055
B_deficit_mid60,[2048],10000,4,goal_nulling,200,0.03,0.4,58.0,67.5
B_deficit_mid60,[2048],10000,4,indifference,200,0.035,0.29,52.56,75.055
B_deficit_mid60,[2048],10000,4,override_w0,200,0.035,0.29,52.56,75.055
B_deficit_mid60,[2048],10000,4,override_w1,200,0.055,0.185,56.94,81.255
B_deficit_mid60,[2048],10000,4,override_w2,200,0.055,0.285,47.88,73.76
B_deficit_mid60,[2048],10000,4,override_w4,200,0.08,0.255,49.04,73.56
B_deficit_mid60,[2048],10000,4,override_w8,200,0.095,0.245,48.28,72.97
B_deficit,[2048],100000,4,standard,200,0.095,0.005,87.44,91.72
B_deficit,[2048],100000,4,goal_nulling,200,0.04,0.0,98.4,96.4
B_deficit,[2048],100000,4,indifference,200,0.095,0.005,87.44,91.72
B_deficit,[2048],100000,4,override_w0,200,0.095,0.005,87.44,91.72
B_deficit,[2048],100000,4,override_w1,200,0.1,0.0,88.18,91.945
B_deficit,[2048],100000,4,override_w2,200,0.075,0.0,87.54,93.45
B_deficit,[2048],100000,4,override_w4,200,0.05,0.0,88.98,95.64
B_deficit,[2048],100000,4,override_w8,200,0.045,0.0,89.06,95.825
B_deficit_mid60,[2048],100000,4,standard,200,0.55,0.14,52.96,43.19
B_deficit_mid60,[2048],100000,4,goal_nulling,200,0.03,0.4,58.0,67.5
B_deficit_mid60,[2048],100000,4,indifference,200,0.55,0.14,52.96,43.19
B_deficit_mid60,[2048],100000,4,override_w0,200,0.55,0.14,52.96,43.19
B_deficit_mid60,[2048],100000,4,override_w1,200,0.395,0.215,49.12,51.02
B_deficit_mid60,[2048],100000,4,override_w2,200,0.575,0.135,55.96,39.3
B_deficit_mid60,[2048],100000,4,override_w4,200,0.185,0.24,46.34,64.96
B_deficit_mid60,[2048],100000,4,override_w8,200,0.185,0.235,48.08,65.37
B_deficit,[2048],500000,4,standard,200,0.13,0.0,88.38,89.165
B_deficit,[2048],500000,4,goal_nulling,200,0.04,0.0,98.4,96.4
B_deficit,[2048],500000,4,indifference,200,0.13,0.0,88.38,89.165
B_deficit,[2048],500000,4,override_w0,200,0.13,0.0,88.38,89.165
B_deficit,[2048],500000,4,override_w1,200,0.13,0.0,88.54,89.29
B_deficit,[2048],500000,4,override_w2,200,0.155,0.005,87.08,86.545
B_deficit,[2048],500000,4,override_w4,200,0.075,0.0,89.5,93.095
B_deficit,[2048],500000,4,override_w8,200,0.095,0.0,87.64,92.205
B_deficit_mid60,[2048],500000,4,standard,200,0.675,0.115,59.98,31.665
B_deficit_mid60,[2048],500000,4,goal_nulling,200,0.03,0.4,58.0,67.5
B_deficit_mid60,[2048],500000,4,indifference,200,0.675,0.115,59.98,31.665
B_deficit_mid60,[2048],500000,4,override_w0,200,0.675,0.115,59.98,31.665
B_deficit_mid60,[2048],500000,4,override_w1,200,0.66,0.115,59.54,32.885
B_deficit_mid60,[2048],500000,4,override_w2,200,0.68,0.13,56.6,29.99
B_deficit_mid60,[2048],500000,4,override_w4,200,0.62,0.15,56.48,34.07
B_deficit_mid60,[2048],500000,4,override_w8,200,0.645,0.135,57.36,33.41
B_deficit,[16],10000,5,standard,200,0.03,0.0,94.38,97.29
B_deficit,[16],10000,5,goal_nulling,200,0.035,0.0,98.42,96.895
B_deficit,[16],10000,5,indifference,200,0.03,0.0,94.38,97.29
B_deficit,[16],10000,5,override_w0,200,0.03,0.0,94.38,97.29
B_deficit,[16],10000,5,override_w1,200,0.03,0.0,91.7,97.31
B_deficit,[16],10000,5,override_w2,200,0.03,0.0,90.78,97.19
B_deficit,[16],10000,5,override_w4,200,0.03,0.0,90.22,97.24
B_deficit,[16],10000,5,override_w8,200,0.03,0.0,89.6,97.235
B_deficit_mid60,[16],10000,5,standard,200,0.03,0.19,61.06,83.17
B_deficit_mid60,[16],10000,5,goal_nulling,200,0.025,0.43,55.56,65.61
B_deficit_mid60,[16],10000,5,indifference,200,0.03,0.19,61.06,83.17
B_deficit_mid60,[16],10000,5,override_w0,200,0.03,0.19,61.06,83.17
B_deficit_mid60,[16],10000,5,override_w1,200,0.04,0.155,56.88,84.905
B_deficit_mid60,[16],10000,5,override_w2,200,0.065,0.175,52.68,81.22
B_deficit_mid60,[16],10000,5,override_w4,200,0.045,0.195,53.9,81.335
B_deficit_mid60,[16],10000,5,override_w8,200,0.055,0.205,48.12,79.785
B_deficit,[16],100000,5,standard,200,0.07,0.0,87.38,94.29
B_deficit,[16],100000,5,goal_nulling,200,0.035,0.0,98.42,96.895
B_deficit,[16],100000,5,indifference,200,0.07,0.0,87.38,94.29
B_deficit,[16],100000,5,override_w0,200,0.07,0.0,87.38,94.29
B_deficit,[16],100000,5,override_w1,200,0.07,0.0,86.76,93.68
B_deficit,[16],100000,5,override_w2,200,0.05,0.005,86.78,95.085
B_deficit,[16],100000,5,override_w4,200,0.09,0.005,86.66,92.29
B_deficit,[16],100000,5,override_w8,200,0.07,0.0,86.52,94.29
B_deficit_mid60,[16],100000,5,standard,200,0.515,0.14,54.96,43.72
B_deficit_mid60,[16],100000,5,goal_nulling,200,0.025,0.43,55.56,65.61
B_deficit_mid60,[16],100000,5,indifference,200,0.515,0.14,54.96,43.72
B_deficit_mid60,[16],100000,5,override_w0,200,0.515,0.14,54.96,43.72
B_deficit_mid60,[16],100000,5,override_w1,200,0.525,0.145,55.06,43.06
B_deficit_mid60,[16],100000,5,override_w2,200,0.565,0.135,56.88,40.015
B_deficit_mid60,[16],100000,5,override_w4,200,0.62,0.175,55.32,32.45
B_deficit_mid60,[16],100000,5,override_w8,200,0.495,0.185,51.56,43.4
B_deficit,[16],500000,5,standard,200,0.1,0.005,86.06,90.935
B_deficit,[16],500000,5,goal_nulling,200,0.035,0.0,98.42,96.895
B_deficit,[16],500000,5,indifference,200,0.1,0.005,86.06,90.935
B_deficit,[16],500000,5,override_w0,200,0.1,0.005,86.06,90.935
B_deficit,[16],500000,5,override_w1,200,0.1,0.0,86.24,91.31
B_deficit,[16],500000,5,override_w2,200,0.11,0.005,86.56,89.715
B_deficit,[16],500000,5,override_w4,200,0.105,0.0,86.58,91.085
B_deficit,[16],500000,5,override_w8,200,0.085,0.005,85.96,91.98
B_deficit_mid60,[16],500000,5,standard,200,0.62,0.12,59.5,36.59
B_deficit_mid60,[16],500000,5,goal_nulling,200,0.025,0.43,55.56,65.61
B_deficit_mid60,[16],500000,5,indifference,200,0.62,0.12,59.5,36.59
B_deficit_mid60,[16],500000,5,override_w0,200,0.62,0.12,59.5,36.59
B_deficit_mid60,[16],500000,5,override_w1,200,0.635,0.11,59.48,35.925
B_deficit_mid60,[16],500000,5,override_w2,200,0.67,0.12,58.82,33.75
B_deficit_mid60,[16],500000,5,override_w4,200,0.655,0.115,60.1,33.165
B_deficit_mid60,[16],500000,5,override_w8,200,0.52,0.145,53.32,45.385
B_deficit,[256],10000,5,standard,200,0.03,0.0,92.52,97.255
B_deficit,[256],10000,5,goal_nulling,200,0.035,0.0,98.42,96.895
B_deficit,[256],10000,5,indifference,200,0.03,0.0,92.52,97.255
B_deficit,[256],10000,5,override_w0,200,0.03,0.0,92.52,97.255
B_deficit,[256],10000,5,override_w1,200,0.04,0.0,90.34,96.31
B_deficit,[256],10000,5,override_w2,200,0.035,0.0,90.84,96.76
B_deficit,[256],10000,5,override_w4,200,0.035,0.0,88.72,96.725
B_deficit,[256],10000,5,override_w8,200,0.04,0.0,89.72,96.26
B_deficit_mid60,[256],10000,5,standard,200,0.035,0.125,62.84,87.6
B_deficit_mid60,[256],10000,5,goal_nulling,200,0.025,0.43,55.56,65.61
B_deficit_mid60,[256],10000,5,indifference,200,0.035,0.125,62.84,87.6
B_deficit_mid60,[256],10000,5,override_w0,200,0.035,0.125,62.84,87.6
B_deficit_mid60,[256],10000,5,override_w1,200,0.045,0.165,54.18,83.61
B_deficit_mid60,[256],10000,5,override_w2,200,0.045,0.22,50.96,79.465
B_deficit_mid60,[256],10000,5,override_w4,200,0.08,0.22,48.32,76.195
B_deficit_mid60,[256],10000,5,override_w8,200,0.05,0.19,51.18,81.205
B_deficit,[256],100000,5,standard,200,0.07,0.0,87.36,93.8
B_deficit,[256],100000,5,goal_nulling,200,0.035,0.0,98.42,96.895
B_deficit,[256],100000,5,indifference,200,0.07,0.0,87.36,93.8
B_deficit,[256],100000,5,override_w0,200,0.07,0.0,87.36,93.8
B_deficit,[256],100000,5,override_w1,200,0.065,0.0,87.6,94.25
B_deficit,[256],100000,5,override_w2,200,0.08,0.0,87.78,92.98
B_deficit,[256],100000,5,override_w4,200,0.045,0.0,87.04,96.045
B_deficit,[256],100000,5,override_w8,200,0.03,0.0,87.98,97.14
B_deficit_mid60,[256],100000,5,standard,200,0.55,0.14,55.84,41.385
B_deficit_mid60,[256],100000,5,goal_nulling,200,0.025,0.43,55.56,65.61
B_deficit_mid60,[256],100000,5,indifference,200,0.55,0.14,55.84,41.385
B_deficit_mid60,[256],100000,5,override_w0,200,0.55,0.14,55.84,41.385
B_deficit_mid60,[256],100000,5,override_w1,200,0.525,0.165,54.34,41.675
B_deficit_mid60,[256],100000,5,override_w2,200,0.55,0.12,57.7,41.73
B_deficit_mid60,[256],100000,5,override_w4,200,0.505,0.18,52.18,41.86
B_deficit_mid60,[256],100000,5,override_w8,200,0.4,0.145,53.4,52.395
B_deficit,[256],500000,5,standard,200,0.06,0.005,86.54,94.585
B_deficit,[256],500000,5,goal_nulling,200,0.035,0.0,98.42,96.895
B_deficit,[256],500000,5,indifference,200,0.06,0.005,86.54,94.585
B_deficit,[256],500000,5,override_w0,200,0.06,0.005,86.54,94.585
B_deficit,[256],500000,5,override_w1,200,0.125,0.0,87.32,89.81
B_deficit,[256],500000,5,override_w2,200,0.055,0.0,86.46,94.995
B_deficit,[256],500000,5,override_w4,200,0.06,0.0,86.32,94.795
B_deficit,[256],500000,5,override_w8,200,0.065,0.0,87.34,94.295
B_deficit_mid60,[256],500000,5,standard,200,0.58,0.135,56.34,38.42
B_deficit_mid60,[256],500000,5,goal_nulling,200,0.025,0.43,55.56,65.61
B_deficit_mid60,[256],500000,5,indifference,200,0.58,0.135,56.34,38.42
B_deficit_mid60,[256],500000,5,override_w0,200,0.58,0.135,56.34,38.42
B_deficit_mid60,[256],500000,5,override_w1,200,0.61,0.145,57.3,36.155
B_deficit_mid60,[256],500000,5,override_w2,200,0.625,0.145,56.7,34.64
B_deficit_mid60,[256],500000,5,override_w4,200,0.57,0.125,57.64,40.565
B_deficit_mid60,[256],500000,5,override_w8,200,0.64,0.115,59.06,35.62
B_deficit,[2048],10000,5,standard,200,0.03,0.0,93.04,97.43
B_deficit,[2048],10000,5,goal_nulling,200,0.035,0.0,98.42,96.895
B_deficit,[2048],10000,5,indifference,200,0.03,0.0,93.04,97.43
B_deficit,[2048],10000,5,override_w0,200,0.03,0.0,93.04,97.43
B_deficit,[2048],10000,5,override_w1,200,0.035,0.0,90.76,96.865
B_deficit,[2048],10000,5,override_w2,200,0.03,0.0,89.8,97.31
B_deficit,[2048],10000,5,override_w4,200,0.02,0.0,87.76,98.23
B_deficit,[2048],10000,5,override_w8,200,0.035,0.0,89.52,96.7
B_deficit_mid60,[2048],10000,5,standard,200,0.06,0.2,53.48,79.995
B_deficit_mid60,[2048],10000,5,goal_nulling,200,0.025,0.43,55.56,65.61
B_deficit_mid60,[2048],10000,5,indifference,200,0.06,0.2,53.48,79.995
B_deficit_mid60,[2048],10000,5,override_w0,200,0.06,0.2,53.48,79.995
B_deficit_mid60,[2048],10000,5,override_w1,200,0.055,0.305,47.92,72.325
B_deficit_mid60,[2048],10000,5,override_w2,200,0.06,0.165,52.88,82.335
B_deficit_mid60,[2048],10000,5,override_w4,200,0.085,0.19,49.16,78.39
B_deficit_mid60,[2048],10000,5,override_w8,200,0.105,0.23,48.96,73.29
B_deficit,[2048],100000,5,standard,200,0.09,0.005,87.0,91.605
B_deficit,[2048],100000,5,goal_nulling,200,0.035,0.0,98.42,96.895
B_deficit,[2048],100000,5,indifference,200,0.09,0.005,87.0,91.605
B_deficit,[2048],100000,5,override_w0,200,0.09,0.005,87.0,91.605
B_deficit,[2048],100000,5,override_w1,200,0.055,0.0,87.44,95.13
B_deficit,[2048],100000,5,override_w2,200,0.11,0.005,86.22,90.17
B_deficit,[2048],100000,5,override_w4,200,0.05,0.0,87.18,95.325
B_deficit,[2048],100000,5,override_w8,200,0.05,0.0,86.32,95.215
B_deficit_mid60,[2048],100000,5,standard,200,0.45,0.18,52.38,47.495
B_deficit_mid60,[2048],100000,5,goal_nulling,200,0.025,0.43,55.56,65.61
B_deficit_mid60,[2048],100000,5,indifference,200,0.45,0.18,52.38,47.495
B_deficit_mid60,[2048],100000,5,override_w0,200,0.45,0.18,52.38,47.495
B_deficit_mid60,[2048],100000,5,override_w1,200,0.34,0.19,50.62,54.85
B_deficit_mid60,[2048],100000,5,override_w2,200,0.435,0.25,47.7,45.04
B_deficit_mid60,[2048],100000,5,override_w4,200,0.395,0.155,53.66,52.775
B_deficit_mid60,[2048],100000,5,override_w8,200,0.24,0.235,47.94,60.34
B_deficit,[2048],500000,5,standard,200,0.07,0.01,85.58,93.145
B_deficit,[2048],500000,5,goal_nulling,200,0.035,0.0,98.42,96.895
B_deficit,[2048],500000,5,indifference,200,0.07,0.01,85.58,93.145
B_deficit,[2048],500000,5,override_w0,200,0.07,0.01,85.58,93.145
B_deficit,[2048],500000,5,override_w1,200,0.105,0.0,87.76,90.275
B_deficit,[2048],500000,5,override_w2,200,0.13,0.0,86.86,90.1
B_deficit,[2048],500000,5,override_w4,200,0.115,0.0,86.94,90.25
B_deficit,[2048],500000,5,override_w8,200,0.13,0.0,87.66,89.085
B_deficit_mid60,[2048],500000,5,standard,200,0.65,0.14,57.66,32.565
B_deficit_mid60,[2048],500000,5,goal_nulling,200,0.025,0.43,55.56,65.61
B_deficit_mid60,[2048],500000,5,indifference,200,0.65,0.14,57.66,32.565
B_deficit_mid60,[2048],500000,5,override_w0,200,0.65,0.14,57.66,32.565
B_deficit_mid60,[2048],500000,5,override_w1,200,0.65,0.13,58.82,32.085
B_deficit_mid60,[2048],500000,5,override_w2,200,0.685,0.12,58.22,31.29
B_deficit_mid60,[2048],500000,5,override_w4,200,0.67,0.125,59.2,31.69
B_deficit_mid60,[2048],500000,5,override_w8,200,0.655,0.11,58.54,33.555
B_deficit,[16],10000,6,standard,200,0.035,0.0,94.9,96.75
B_deficit,[16],10000,6,goal_nulling,200,0.025,0.0,98.92,97.77
B_deficit,[16],10000,6,indifference,200,0.035,0.0,94.9,96.75
B_deficit,[16],10000,6,override_w0,200,0.035,0.0,94.9,96.75
B_deficit,[16],10000,6,override_w1,200,0.015,0.0,94.82,98.63
B_deficit,[16],10000,6,override_w2,200,0.035,0.0,92.46,96.79
B_deficit,[16],10000,6,override_w4,200,0.04,0.0,90.36,96.335
B_deficit,[16],10000,6,override_w8,200,0.03,0.0,89.76,97.235
B_deficit_mid60,[16],10000,6,standard,200,0.04,0.305,49.14,73.555
B_deficit_mid60,[16],10000,6,goal_nulling,200,0.03,0.44,53.98,64.505
B_deficit_mid60,[16],10000,6,indifference,200,0.04,0.305,49.14,73.555
B_deficit_mid60,[16],10000,6,override_w0,200,0.04,0.305,49.14,73.555
B_deficit_mid60,[16],10000,6,override_w1,200,0.045,0.19,58.6,81.82
B_deficit_mid60,[16],10000,6,override_w2,200,0.04,0.2,53.94,81.4
B_deficit_mid60,[16],10000,6,override_w4,200,0.05,0.235,53.38,77.815
B_deficit_mid60,[16],10000,6,override_w8,200,0.07,0.21,49.56,78.005
B_deficit,[16],100000,6,standard,200,0.06,0.0,88.64,94.53
B_deficit,[16],100000,6,goal_nulling,200,0.025,0.0,98.92,97.77
B_deficit,[16],100000,6,indifference,200,0.06,0.0,88.64,94.53
B_deficit,[16],100000,6,override_w0,200,0.06,0.0,88.64,94.53
B_deficit,[16],100000,6,override_w1,200,0.095,0.0,87.96,91.895
B_deficit,[16],100000,6,override_w2,200,0.115,0.0,87.24,90.075
B_deficit,[16],100000,6,override_w4,200,0.07,0.0,87.48,93.705
B_deficit,[16],100000,6,override_w8,200,0.095,0.0,87.98,91.97
B_deficit_mid60,[16],100000,6,standard,200,0.57,0.155,55.48,39.37
B_deficit_mid60,[16],100000,6,goal_nulling,200,0.03,0.44,53.98,64.505
B_deficit_mid60,[16],100000,6,indifference,200,0.57,0.155,55.48,39.37
B_deficit_mid60,[16],100000,6,override_w0,200,0.57,0.155,55.48,39.37
B_deficit_mid60,[16],100000,6,override_w1,200,0.575,0.145,56.28,38.92
B_deficit_mid60,[16],100000,6,override_w2,200,0.585,0.16,56.58,36.64
B_deficit_mid60,[16],100000,6,override_w4,200,0.6,0.15,56.82,36.63
B_deficit_mid60,[16],100000,6,override_w8,200,0.54,0.165,55.04,40.61
B_deficit,[16],500000,6,standard,200,0.07,0.0,87.48,93.445
B_deficit,[16],500000,6,goal_nulling,200,0.025,0.0,98.92,97.77
B_deficit,[16],500000,6,indifference,200,0.07,0.0,87.48,93.445
B_deficit,[16],500000,6,override_w0,200,0.07,0.0,87.48,93.445
B_deficit,[16],500000,6,override_w1,200,0.095,0.0,88.88,92.195
B_deficit,[16],500000,6,override_w2,200,0.13,0.0,89.06,88.315
B_deficit,[16],500000,6,override_w4,200,0.13,0.0,88.08,89.215
B_deficit,[16],500000,6,override_w8,200,0.085,0.0,88.72,92.68
B_deficit_mid60,[16],500000,6,standard,200,0.63,0.14,56.24,34.85
B_deficit_mid60,[16],500000,6,goal_nulling,200,0.03,0.44,53.98,64.505
B_deficit_mid60,[16],500000,6,indifference,200,0.63,0.14,56.24,34.85
B_deficit_mid60,[16],500000,6,override_w0,200,0.63,0.14,56.24,34.85
B_deficit_mid60,[16],500000,6,override_w1,200,0.65,0.12,59.14,34.765
B_deficit_mid60,[16],500000,6,override_w2,200,0.675,0.13,58.44,30.705
B_deficit_mid60,[16],500000,6,override_w4,200,0.67,0.13,58.66,30.695
B_deficit_mid60,[16],500000,6,override_w8,200,0.595,0.135,57.74,38.07
B_deficit,[256],10000,6,standard,200,0.03,0.0,93.42,97.35
B_deficit,[256],10000,6,goal_nulling,200,0.025,0.0,98.92,97.77
B_deficit,[256],10000,6,indifference,200,0.03,0.0,93.42,97.35
B_deficit,[256],10000,6,override_w0,200,0.03,0.0,93.42,97.35
B_deficit,[256],10000,6,override_w1,200,0.02,0.0,92.72,98.24
B_deficit,[256],10000,6,override_w2,200,0.02,0.0,92.34,98.175
B_deficit,[256],10000,6,override_w4,200,0.03,0.0,90.38,97.25
B_deficit,[256],10000,6,override_w8,200,0.03,0.0,90.72,97.23
B_deficit_mid60,[256],10000,6,standard,200,0.05,0.33,44.36,71.085
B_deficit_mid60,[256],10000,6,goal_nulling,200,0.03,0.44,53.98,64.505
B_deficit_mid60,[256],10000,6,indifference,200,0.05,0.33,44.36,71.085
B_deficit_mid60,[256],10000,6,override_w0,200,0.05,0.33,44.36,71.085
B_deficit_mid60,[256],10000,6,override_w1,200,0.03,0.25,51.64,78.705
B_deficit_mid60,[256],10000,6,override_w2,200,0.05,0.215,53.2,79.515
B_deficit_mid60,[256],10000,6,override_w4,200,0.125,0.23,48.58,71.775
B_deficit_mid60,[256],10000,6,override_w8,200,0.04,0.18,52.58,82.86
B_deficit,[256],100000,6,standard,200,0.04,0.0,89.08,96.265
B_deficit,[256],100000,6,goal_nulling,200,0.025,0.0,98.92,97.77
B_deficit,[256],100000,6,indifference,200,0.04,0.0,89.08,96.265
B_deficit,[256],100000,6,override_w0,200,0.04,0.0,89.08,96.265
B_deficit,[256],100000,6,override_w1,200,0.055,0.0,88.94,94.795
B_deficit,[256],100000,6,override_w2,200,0.095,0.0,88.22,91.4
B_deficit,[256],100000,6,override_w4,200,0.095,0.0,88.66,91.905
B_deficit,[256],100000,6,override_w8,200,0.05,0.0,88.96,95.28
B_deficit_mid60,[256],100000,6,standard,200,0.28,0.215,49.48,58.64
B_deficit_mid60,[256],100000,6,goal_nulling,200,0.03,0.44,53.98,64.505
B_deficit_mid60,[256],100000,6,indifference,200,0.28,0.215,49.48,58.64
B_deficit_mid60,[256],100000,6,override_w0,200,0.28,0.215,49.48,58.64
B_deficit_mid60,[256],100000,6,override_w1,200,0.475,0.155,54.76,45.08
B_deficit_mid60,[256],100000,6,override_w2,200,0.615,0.12,55.52,37.0
B_deficit_mid60,[256],100000,6,override_w4,200,0.59,0.18,53.96,35.305
B_deficit_mid60,[256],100000,6,override_w8,200,0.52,0.155,54.02,41.89
B_deficit,[256],500000,6,standard,200,0.09,0.0,88.86,92.04
B_deficit,[256],500000,6,goal_nulling,200,0.025,0.0,98.92,97.77
B_deficit,[256],500000,6,indifference,200,0.09,0.0,88.86,92.04
B_deficit,[256],500000,6,override_w0,200,0.09,0.0,88.86,92.04
B_deficit,[256],500000,6,override_w1,200,0.095,0.0,88.64,91.375
B_deficit,[256],500000,6,override_w2,200,0.115,0.0,88.48,90.065
B_deficit,[256],500000,6,override_w4,200,0.125,0.0,88.64,88.915
B_deficit,[256],500000,6,override_w8,200,0.14,0.005,87.56,87.62
B_deficit_mid60,[256],500000,6,standard,200,0.635,0.155,56.6,33.62
B_deficit_mid60,[256],500000,6,goal_nulling,200,0.03,0.44,53.98,64.505
B_deficit_mid60,[256],500000,6,indifference,200,0.635,0.155,56.6,33.62
B_deficit_mid60,[256],500000,6,override_w0,200,0.635,0.155,56.6,33.62
B_deficit_mid60,[256],500000,6,override_w1,200,0.61,0.165,57.12,33.69
B_deficit_mid60,[256],500000,6,override_w2,200,0.655,0.135,59.86,33.335
B_deficit_mid60,[256],500000,6,override_w4,200,0.675,0.135,58.02,30.385
B_deficit_mid60,[256],500000,6,override_w8,200,0.675,0.12,59.06,31.91
B_deficit,[2048],10000,6,standard,200,0.055,0.0,91.18,95.075
B_deficit,[2048],10000,6,goal_nulling,200,0.025,0.0,98.92,97.77
B_deficit,[2048],10000,6,indifference,200,0.055,0.0,91.18,95.075
B_deficit,[2048],10000,6,override_w0,200,0.055,0.0,91.18,95.075
B_deficit,[2048],10000,6,override_w1,200,0.035,0.0,92.66,96.775
B_deficit,[2048],10000,6,override_w2,200,0.045,0.0,89.62,96.01
B_deficit,[2048],10000,6,override_w4,200,0.03,0.0,89.22,97.39
B_deficit,[2048],10000,6,override_w8,200,0.05,0.0,89.46,95.41
B_deficit_mid60,[2048],10000,6,standard,200,0.085,0.35,43.82,67.26
B_deficit_mid60,[2048],10000,6,goal_nulling,200,0.03,0.44,53.98,64.505
B_deficit_mid60,[2048],10000,6,indifference,200,0.085,0.35,43.82,67.26
B_deficit_mid60,[2048],10000,6,override_w0,200,0.085,0.35,43.82,67.26
B_deficit_mid60,[2048],10000,6,override_w1,200,0.045,0.205,55.32,80.575
B_deficit_mid60,[2048],10000,6,override_w2,200,0.08,0.225,49.8,76.355
B_deficit_mid60,[2048],10000,6,override_w4,200,0.115,0.305,42.88,67.01
B_deficit_mid60,[2048],10000,6,override_w8,200,0.09,0.27,46.5,71.875
B_deficit,[2048],100000,6,standard,200,0.055,0.0,88.52,94.83
B_deficit,[2048],100000,6,goal_nulling,200,0.025,0.0,98.92,97.77
B_deficit,[2048],100000,6,indifference,200,0.055,0.0,88.52,94.83
B_deficit,[2048],100000,6,override_w0,200,0.055,0.0,88.52,94.83
B_deficit,[2048],100000,6,override_w1,200,0.045,0.0,89.9,95.745
B_deficit,[2048],100000,6,override_w2,200,0.06,0.0,89.18,94.555
B_deficit,[2048],100000,6,override_w4,200,0.11,0.0,88.74,90.08
B_deficit,[2048],100000,6,override_w8,200,0.09,0.0,88.42,91.93
B_deficit_mid60,[2048],100000,6,standard,200,0.35,0.195,50.4,53.83
B_deficit_mid60,[2048],100000,6,goal_nulling,200,0.03,0.44,53.98,64.505
B_deficit_mid60,[2048],100000,6,indifference,200,0.35,0.195,50.4,53.83
B_deficit_mid60,[2048],100000,6,override_w0,200,0.35,0.195,50.4,53.83
B_deficit_mid60,[2048],100000,6,override_w1,200,0.295,0.22,48.68,56.54
B_deficit_mid60,[2048],100000,6,override_w2,200,0.315,0.24,47.86,53.29
B_deficit_mid60,[2048],100000,6,override_w4,200,0.485,0.195,51.64,45.68
B_deficit_mid60,[2048],100000,6,override_w8,200,0.515,0.185,51.08,42.26
B_deficit,[2048],500000,6,standard,200,0.095,0.0,90.14,91.895
B_deficit,[2048],500000,6,goal_nulling,200,0.025,0.0,98.92,97.77
B_deficit,[2048],500000,6,indifference,200,0.095,0.0,90.14,91.895
B_deficit,[2048],500000,6,override_w0,200,0.095,0.0,90.14,91.895
B_deficit,[2048],500000,6,override_w1,200,0.115,0.0,88.54,90.445
B_deficit,[2048],500000,6,override_w2,200,0.08,0.0,88.24,93.105
B_deficit,[2048],500000,6,override_w4,200,0.1,0.0,89.06,91.97
B_deficit,[2048],500000,6,override_w8,200,0.06,0.0,88.52,94.565
B_deficit_mid60,[2048],500000,6,standard,200,0.61,0.12,57.4,37.63
B_deficit_mid60,[2048],500000,6,goal_nulling,200,0.03,0.44,53.98,64.505
B_deficit_mid60,[2048],500000,6,indifference,200,0.61,0.12,57.4,37.63
B_deficit_mid60,[2048],500000,6,override_w0,200,0.61,0.12,57.4,37.63
B_deficit_mid60,[2048],500000,6,override_w1,200,0.66,0.13,60.42,32.485
B_deficit_mid60,[2048],500000,6,override_w2,200,0.645,0.12,58.6,34.745
B_deficit_mid60,[2048],500000,6,override_w4,200,0.65,0.145,57.96,33.33
B_deficit_mid60,[2048],500000,6,override_w8,200,0.41,0.215,49.82,47.16
B_deficit,[16],10000,7,standard,200,0.045,0.0,93.14,95.895
B_deficit,[16],10000,7,goal_nulling,200,0.04,0.0,98.0,96.5
B_deficit,[16],10000,7,indifference,200,0.045,0.0,93.14,95.895
B_deficit,[16],10000,7,override_w0,200,0.045,0.0,93.14,95.895
B_deficit,[16],10000,7,override_w1,200,0.045,0.0,89.04,95.88
B_deficit,[16],10000,7,override_w2,200,0.04,0.0,89.26,96.515
B_deficit,[16],10000,7,override_w4,200,0.04,0.0,88.68,96.32
B_deficit,[16],10000,7,override_w8,200,0.04,0.0,87.46,96.345
B_deficit_mid60,[16],10000,7,standard,200,0.05,0.355,45.94,68.975
B_deficit_mid60,[16],10000,7,goal_nulling,200,0.025,0.45,53.6,64.1
B_deficit_mid60,[16],10000,7,indifference,200,0.05,0.355,45.94,68.975
B_deficit_mid60,[16],10000,7,override_w0,200,0.05,0.355,45.94,68.975
B_deficit_mid60,[16],10000,7,override_w1,200,0.06,0.27,49.62,74.475
B_deficit_mid60,[16],10000,7,override_w2,200,0.075,0.255,48.18,74.67
B_deficit_mid60,[16],10000,7,override_w4,200,0.085,0.195,52.0,77.855
B_deficit_mid60,[16],10000,7,override_w8,200,0.09,0.215,47.18,75.9
B_deficit,[16],100000,7,standard,200,0.07,0.0,86.92,93.68
B_deficit,[16],100000,7,goal_nulling,200,0.04,0.0,98.0,96.5
B_deficit,[16],100000,7,indifference,200,0.07,0.0,86.92,93.68
B_deficit,[16],100000,7,override_w0,200,0.07,0.0,86.92,93.68
B_deficit,[16],100000,7,override_w1,200,0.08,0.0,86.5,92.525
B_deficit,[16],100000,7,override_w2,200,0.095,0.0,87.04,91.48
B_deficit,[16],100000,7,override_w4,200,0.06,0.0,86.78,94.45
B_deficit,[16],100000,7,override_w8,200,0.07,0.0,87.26,93.705
B_deficit_mid60,[16],100000,7,standard,200,0.55,0.165,54.38,38.465
B_deficit_mid60,[16],100000,7,goal_nulling,200,0.025,0.45,53.6,64.1
B_deficit_mid60,[16],100000,7,indifference,200,0.55,0.165,54.38,38.465
B_deficit_mid60,[16],100000,7,override_w0,200,0.55,0.165,54.38,38.465
B_deficit_mid60,[16],100000,7,override_w1,200,0.56,0.155,56.44,38.005
B_deficit_mid60,[16],100000,7,override_w2,200,0.585,0.14,56.7,39.55
B_deficit_mid60,[16],100000,7,override_w4,200,0.515,0.14,56.58,41.955
B_deficit_mid60,[16],100000,7,override_w8,200,0.505,0.14,57.36,43.99
B_deficit,[16],500000,7,standard,200,0.125,0.0,86.24,89.49
B_deficit,[16],500000,7,goal_nulling,200,0.04,0.0,98.0,96.5
B_deficit,[16],500000,7,indifference,200,0.125,0.0,86.24,89.49
B_deficit,[16],500000,7,override_w0,200,0.125,0.0,86.24,89.49
B_deficit,[16],500000,7,override_w1,200,0.085,0.0,87.28,92.25
B_deficit,[16],500000,7,override_w2,200,0.085,0.0,86.74,92.25
B_deficit,[16],500000,7,override_w4,200,0.09,0.0,87.12,91.695
B_deficit,[16],500000,7,override_w8,200,0.07,0.0,86.66,93.705
B_deficit_mid60,[16],500000,7,standard,200,0.65,0.135,57.1,33.765
B_deficit_mid60,[16],500000,7,goal_nulling,200,0.025,0.45,53.6,64.1
B_deficit_mid60,[16],500000,7,indifference,200,0.65,0.135,57.1,33.765
B_deficit_mid60,[16],500000,7,override_w0,200,0.65,0.135,57.1,33.765
B_deficit_mid60,[16],500000,7,override_w1,200,0.655,0.125,59.44,33.255
B_deficit_mid60,[16],500000,7,override_w2,200,0.645,0.14,58.14,32.755
B_deficit_mid60,[16],500000,7,override_w4,200,0.64,0.095,61.2,36.33
B_deficit_mid60,[16],500000,7,override_w8,200,0.595,0.15,56.48,37.23
B_deficit,[256],10000,7,standard,200,0.035,0.005,94.18,96.36
B_deficit,[256],10000,7,goal_nulling,200,0.04,0.0,98.0,96.5
B_deficit,[256],10000,7,indifference,200,0.035,0.005,94.18,96.36
B_deficit,[256],10000,7,override_w0,200,0.035,0.005,94.18,96.36
B_deficit,[256],10000,7,override_w1,200,0.055,0.0,89.02,94.93
B_deficit,[256],10000,7,override_w2,200,0.05,0.0,88.54,95.555
B_deficit,[256],10000,7,override_w4,200,0.045,0.0,87.7,95.845
B_deficit,[256],10000,7,override_w8,200,0.03,0.0,88.44,97.265
B_deficit_mid60,[256],10000,7,standard,200,0.045,0.195,63.38,81.435
B_deficit_mid60,[256],10000,7,goal_nulling,200,0.03,0.46,52.28,62.93
B_deficit_mid60,[256],10000,7,indifference,200,0.045,0.195,63.38,81.435
B_deficit_mid60,[256],10000,7,override_w0,200,0.045,0.195,63.38,81.435
B_deficit_mid60,[256],10000,7,override_w1,200,0.065,0.19,52.04,80.04
B_deficit_mid60,[256],10000,7,override_w2,200,0.1,0.19,50.0,77.565
B_deficit_mid60,[256],10000,7,override_w4,200,0.09,0.19,50.02,77.75
B_deficit_mid60,[256],10000,7,override_w8,200,0.095,0.305,42.9,68.8
B_deficit,[256],100000,7,standard,200,0.05,0.0,87.06,95.335
B_deficit,[256],100000,7,goal_nulling,200,0.04,0.0,98.0,96.5
B_deficit,[256],100000,7,indifference,200,0.05,0.0,87.06,95.335
B_deficit,[256],100000,7,override_w0,200,0.05,0.0,87.06,95.335
B_deficit,[256],100000,7,override_w1,200,0.08,0.0,86.4,92.71
B_deficit,[256],100000,7,override_w2,200,0.07,0.0,85.68,93.68
B_deficit,[256],100000,7,override_w4,200,0.075,0.0,86.32,93.13
B_deficit,[256],100000,7,override_w8,200,0.05,0.005,86.42,95.025
B_deficit_mid60,[256],100000,7,standard,200,0.385,0.17,51.78,52.885
B_deficit_mid60,[256],100000,7,goal_nulling,200,0.03,0.46,52.28,62.93
B_deficit_mid60,[256],100000,7,indifference,200,0.385,0.17,51.78,52.885
B_deficit_mid60,[256],100000,7,override_w0,200,0.385,0.17,51.78,52.885
B_deficit_mid60,[256],100000,7,override_w1,200,0.565,0.125,56.22,40.715
B_deficit_mid60,[256],100000,7,override_w2,200,0.405,0.215,50.02,50.325
B_deficit_mid60,[256],100000,7,override_w4,200,0.535,0.165,52.84,41.215
B_deficit_mid60,[256],100000,7,override_w8,200,0.49,0.135,55.96,46.755
B_deficit,[256],500000,7,standard,200,0.13,0.0,86.4,88.72
B_deficit,[256],500000,7,goal_nulling,200,0.04,0.0,98.0,96.5
B_deficit,[256],500000,7,indifference,200,0.13,0.0,86.4,88.72
B_deficit,[256],500000,7,override_w0,200,0.13,0.0,86.4,88.72
B_deficit,[256],500000,7,override_w1,200,0.12,0.0,86.04,89.71
B_deficit,[256],500000,7,override_w2,200,0.135,0.005,85.62,88.03
B_deficit,[256],500000,7,override_w4,200,0.07,0.0,86.76,93.705
B_deficit,[256],500000,7,override_w8,200,0.1,0.0,86.24,91.63
B_deficit_mid60,[256],500000,7,standard,200,0.635,0.125,57.9,34.785
B_deficit_mid60,[256],500000,7,goal_nulling,200,0.03,0.46,52.28,62.93
B_deficit_mid60,[256],500000,7,indifference,200,0.635,0.125,57.9,34.785
B_deficit_mid60,[256],500000,7,override_w0,200,0.635,0.125,57.9,34.785
B_deficit_mid60,[256],500000,7,override_w1,200,0.635,0.12,58.62,35.335
B_deficit_mid60,[256],500000,7,override_w2,200,0.655,0.135,57.28,31.57
B_deficit_mid60,[256],500000,7,override_w4,200,0.6,0.13,57.46,36.745
B_deficit_mid60,[256],500000,7,override_w8,200,0.645,0.135,58.02,33.62
B_deficit,[2048],10000,7,standard,200,0.035,0.0,92.5,96.81
B_deficit,[2048],10000,7,goal_nulling,200,0.04,0.0,98.0,96.5
B_deficit,[2048],10000,7,indifference,200,0.035,0.0,92.5,96.81
B_deficit,[2048],10000,7,override_w0,200,0.035,0.0,92.5,96.81
B_deficit,[2048],10000,7,override_w1,200,0.045,0.0,90.06,95.83
B_deficit,[2048],10000,7,override_w2,200,0.04,0.0,89.8,96.34
B_deficit,[2048],10000,7,override_w4,200,0.045,0.0,88.5,95.8
B_deficit,[2048],10000,7,override_w8,200,0.045,0.0,87.58,95.765
B_deficit_mid60,[2048],10000,7,standard,200,0.045,0.23,54.5,78.8
B_deficit_mid60,[2048],10000,7,goal_nulling,200,0.03,0.46,52.28,62.93
B_deficit_mid60,[2048],10000,7,indifference,200,0.045,0.23,54.5,78.8
B_deficit_mid60,[2048],10000,7,override_w0,200,0.045,0.23,54.5,78.8
B_deficit_mid60,[2048],10000,7,override_w1,200,0.08,0.235,50.52,75.32
B_deficit_mid60,[2048],10000,7,override_w2,200,0.07,0.235,51.8,76.085
B_deficit_mid60,[2048],10000,7,override_w4,200,0.06,0.155,52.82,83.05
B_deficit_mid60,[2048],10000,7,override_w8,200,0.13,0.27,45.04,68.175
B_deficit,[2048],100000,7,standard,200,0.075,0.0,86.1,93.03
B_deficit,[2048],100000,7,goal_nulling,200,0.04,0.0,98.0,96.5
B_deficit,[2048],100000,7,indifference,200,0.075,0.0,86.1,93.03
B_deficit,[2048],100000,7,override_w0,200,0.075,0.0,86.1,93.03
B_deficit,[2048],100000,7,override_w1,200,0.065,0.0,86.6,94.05
B_deficit,[2048],100000,7,override_w2,200,0.055,0.005,86.88,94.43
B_deficit,[2048],100000,7,override_w4,200,0.125,0.0,86.38,89.925
B_deficit,[2048],100000,7,override_w8,200,0.145,0.0,86.46,87.845
B_deficit_mid60,[2048],100000,7,standard,200,0.495,0.15,54.1,45.3
B_deficit_mid60,[2048],100000,7,goal_nulling,200,0.03,0.46,52.28,62.93
B_deficit_mid60,[2048],100000,7,indifference,200,0.495,0.15,54.1,45.3
B_deficit_mid60,[2048],100000,7,override_w0,200,0.495,0.15,54.1,45.3
B_deficit_mid60,[2048],100000,7,override_w1,200,0.47,0.185,51.6,44.92
B_deficit_mid60,[2048],100000,7,override_w2,200,0.345,0.165,51.32,55.935
B_deficit_mid60,[2048],100000,7,override_w4,200,0.57,0.2,46.54,37.3
B_deficit_mid60,[2048],100000,7,override_w8,200,0.57,0.15,47.94,42.015
B_deficit,[2048],500000,7,standard,200,0.08,0.0,86.82,92.445
B_deficit,[2048],500000,7,goal_nulling,200,0.04,0.0,98.0,96.5
B_deficit,[2048],500000,7,indifference,200,0.08,0.0,86.82,92.445
B_deficit,[2048],500000,7,override_w0,200,0.08,0.0,86.82,92.445
B_deficit,[2048],500000,7,override_w1,200,0.155,0.0,86.44,87.04
B_deficit,[2048],500000,7,override_w2,200,0.125,0.0,85.98,88.995
B_deficit,[2048],500000,7,override_w4,200,0.11,0.0,86.48,90.975
B_deficit,[2048],500000,7,override_w8,200,0.14,0.005,84.86,88.47
B_deficit_mid60,[2048],500000,7,standard,200,0.655,0.14,58.2,32.545
B_deficit_mid60,[2048],500000,7,goal_nulling,200,0.03,0.46,52.28,62.93
B_deficit_mid60,[2048],500000,7,indifference,200,0.655,0.14,58.2,32.545
B_deficit_mid60,[2048],500000,7,override_w0,200,0.655,0.14,58.2,32.545
B_deficit_mid60,[2048],500000,7,override_w1,200,0.665,0.115,58.8,32.44
B_deficit_mid60,[2048],500000,7,override_w2,200,0.675,0.14,57.8,29.48
B_deficit_mid60,[2048],500000,7,override_w4,200,0.64,0.12,58.86,34.1
B_deficit_mid60,[2048],500000,7,override_w8,200,0.655,0.135,55.78,34.42
B_deficit,[16],10000,8,standard,200,0.045,0.0,92.46,96.13
B_deficit,[16],10000,8,goal_nulling,200,0.04,0.0,98.4,96.4
B_deficit,[16],10000,8,indifference,200,0.045,0.0,92.46,96.13
B_deficit,[16],10000,8,override_w0,200,0.045,0.0,92.46,96.13
B_deficit,[16],10000,8,override_w1,200,0.055,0.0,91.56,95.395
B_deficit,[16],10000,8,override_w2,200,0.04,0.0,92.16,96.335
B_deficit,[16],10000,8,override_w4,200,0.045,0.0,90.92,95.915
B_deficit,[16],10000,8,override_w8,200,0.03,0.0,89.84,97.285
B_deficit_mid60,[16],10000,8,standard,200,0.075,0.405,39.8,63.865
B_deficit_mid60,[16],10000,8,goal_nulling,200,0.025,0.415,56.68,66.81
B_deficit_mid60,[16],10000,8,indifference,200,0.075,0.405,39.8,63.865
B_deficit_mid60,[16],10000,8,override_w0,200,0.075,0.405,39.8,63.865
B_deficit_mid60,[16],10000,8,override_w1,200,0.065,0.365,42.32,67.54
B_deficit_mid60,[16],10000,8,override_w2,200,0.055,0.24,52.02,77.545
B_deficit_mid60,[16],10000,8,override_w4,200,0.055,0.21,50.38,79.385
B_deficit_mid60,[16],10000,8,override_w8,200,0.055,0.235,49.0,77.525
B_deficit,[16],100000,8,standard,200,0.065,0.0,89.12,93.985
B_deficit,[16],100000,8,goal_nulling,200,0.04,0.0,98.4,96.4
B_deficit,[16],100000,8,indifference,200,0.065,0.0,89.12,93.985
B_deficit,[16],100000,8,override_w0,200,0.065,0.0,89.12,93.985
B_deficit,[16],100000,8,override_w1,200,0.07,0.0,89.68,93.49
B_deficit,[16],100000,8,override_w2,200,0.07,0.0,88.78,93.755
B_deficit,[16],100000,8,override_w4,200,0.08,0.0,88.46,92.975
B_deficit,[16],100000,8,override_w8,200,0.07,0.0,88.66,93.55
B_deficit_mid60,[16],100000,8,standard,200,0.535,0.14,55.5,42.545
B_deficit_mid60,[16],100000,8,goal_nulling,200,0.025,0.415,56.68,66.81
B_deficit_mid60,[16],100000,8,indifference,200,0.535,0.14,55.5,42.545
B_deficit_mid60,[16],100000,8,override_w0,200,0.535,0.14,55.5,42.545
B_deficit_mid60,[16],100000,8,override_w1,200,0.495,0.145,55.78,44.21
B_deficit_mid60,[16],100000,8,override_w2,200,0.565,0.14,55.98,39.73
B_deficit_mid60,[16],100000,8,override_w4,200,0.585,0.13,56.22,39.715
B_deficit_mid60,[16],100000,8,override_w8,200,0.435,0.16,53.8,48.775
B_deficit,[16],500000,8,standard,200,0.11,0.0,88.24,90.115
B_deficit,[16],500000,8,goal_nulling,200,0.04,0.0,98.4,96.4
B_deficit,[16],500000,8,indifference,200,0.11,0.0,88.24,90.115
B_deficit,[16],500000,8,override_w0,200,0.11,0.0,88.24,90.115
B_deficit,[16],500000,8,override_w1,200,0.1,0.0,88.2,90.865
B_deficit,[16],500000,8,override_w2,200,0.11,0.0,88.48,90.145
B_deficit,[16],500000,8,override_w4,200,0.115,0.0,88.24,89.91
B_deficit,[16],500000,8,override_w8,200,0.06,0.0,88.26,94.49
B_deficit_mid60,[16],500000,8,standard,200,0.625,0.13,57.58,36.13
B_deficit_mid60,[16],500000,8,goal_nulling,200,0.025,0.415,56.68,66.81
B_deficit_mid60,[16],500000,8,indifference,200,0.625,0.13,57.58,36.13
B_deficit_mid60,[16],500000,8,override_w0,200,0.625,0.13,57.58,36.13
B_deficit_mid60,[16],500000,8,override_w1,200,0.67,0.13,58.12,31.28
B_deficit_mid60,[16],500000,8,override_w2,200,0.625,0.12,59.4,36.32
B_deficit_mid60,[16],500000,8,override_w4,200,0.655,0.125,59.08,32.295
B_deficit_mid60,[16],500000,8,override_w8,200,0.545,0.145,56.3,39.915
B_deficit,[256],10000,8,standard,200,0.04,0.0,92.84,96.465
B_deficit,[256],10000,8,goal_nulling,200,0.04,0.0,98.4,96.4
B_deficit,[256],10000,8,indifference,200,0.04,0.0,92.84,96.465
B_deficit,[256],10000,8,override_w0,200,0.04,0.0,92.84,96.465
B_deficit,[256],10000,8,override_w1,200,0.04,0.0,92.22,96.33
B_deficit,[256],10000,8,override_w2,200,0.04,0.0,91.28,96.36
B_deficit,[256],10000,8,override_w4,200,0.05,0.0,89.32,95.39
B_deficit,[256],10000,8,override_w8,200,0.04,0.0,89.48,96.35
B_deficit_mid60,[256],10000,8,standard,200,0.03,0.26,53.14,77.74
B_deficit_mid60,[256],10000,8,goal_nulling,200,0.03,0.405,57.6,67.1
B_deficit_mid60,[256],10000,8,indifference,200,0.03,0.26,53.14,77.74
B_deficit_mid60,[256],10000,8,override_w0,200,0.03,0.26,53.14,77.74
B_deficit_mid60,[256],10000,8,override_w1,200,0.065,0.185,55.0,80.315
B_deficit_mid60,[256],10000,8,override_w2,200,0.105,0.24,47.64,72.785
B_deficit_mid60,[256],10000,8,override_w4,200,0.055,0.19,52.7,80.755
B_deficit_mid60,[256],10000,8,override_w8,200,0.105,0.2,50.0,76.155
B_deficit,[256],100000,8,standard,200,0.1,0.0,87.3,91.505
B_deficit,[256],100000,8,goal_nulling,200,0.04,0.0,98.4,96.4
B_deficit,[256],100000,8,indifference,200,0.1,0.0,87.3,91.505
B_deficit,[256],100000,8,override_w0,200,0.1,0.0,87.3,91.505
B_deficit,[256],100000,8,override_w1,200,0.08,0.0,88.48,92.44
B_deficit,[256],100000,8,override_w2,200,0.06,0.0,88.28,94.4
B_deficit,[256],100000,8,override_w4,200,0.1,0.0,88.24,90.86
B_deficit,[256],100000,8,override_w8,200,0.05,0.0,88.94,95.355
B_deficit_mid60,[256],100000,8,standard,200,0.52,0.155,54.4,44.77
B_deficit_mid60,[256],100000,8,goal_nulling,200,0.03,0.405,57.6,67.1
B_deficit_mid60,[256],100000,8,indifference,200,0.52,0.155,54.4,44.77
B_deficit_mid60,[256],100000,8,override_w0,200,0.52,0.155,54.4,44.77
B_deficit_mid60,[256],100000,8,override_w1,200,0.505,0.195,51.22,41.24
B_deficit_mid60,[256],100000,8,override_w2,200,0.255,0.19,50.64,62.37
B_deficit_mid60,[256],100000,8,override_w4,200,0.595,0.125,58.2,38.395
B_deficit_mid60,[256],100000,8,override_w8,200,0.44,0.16,53.52,47.475
B_deficit,[256],500000,8,standard,200,0.11,0.0,88.28,90.115
B_deficit,[256],500000,8,goal_nulling,200,0.04,0.0,98.4,96.4
B_deficit,[256],500000,8,indifference,200,0.11,0.0,88.28,90.115
B_deficit,[256],500000,8,override_w0,200,0.11,0.0,88.28,90.115
B_deficit,[256],500000,8,override_w1,200,0.12,0.0,88.96,89.21
B_deficit,[256],500000,8,override_w2,200,0.1,0.0,88.78,90.565
B_deficit,[256],500000,8,override_w4,200,0.1,0.005,87.72,90.44
B_deficit,[256],500000,8,override_w8,200,0.08,0.0,88.6,92.525
B_deficit_mid60,[256],500000,8,standard,200,0.635,0.12,59.22,35.74
B_deficit_mid60,[256],500000,8,goal_nulling,200,0.03,0.405,57.6,67.1
B_deficit_mid60,[256],500000,8,indifference,200,0.635,0.12,59.22,35.74
B_deficit_mid60,[256],500000,8,override_w0,200,0.635,0.12,59.22,35.74
B_deficit_mid60,[256],500000,8,override_w1,200,0.655,0.135,59.2,32.095
B_deficit_mid60,[256],500000,8,override_w2,200,0.665,0.12,58.68,32.62
B_deficit_mid60,[256],500000,8,override_w4,200,0.67,0.11,60.42,33.12
B_deficit_mid60,[256],500000,8,override_w8,200,0.585,0.145,57.4,36.66
B_deficit,[2048],10000,8,standard,200,0.04,0.0,92.98,96.345
B_deficit,[2048],10000,8,goal_nulling,200,0.04,0.0,98.4,96.4
B_deficit,[2048],10000,8,indifference,200,0.04,0.0,92.98,96.345
B_deficit,[2048],10000,8,override_w0,200,0.04,0.0,92.98,96.345
B_deficit,[2048],10000,8,override_w1,200,0.05,0.0,89.64,95.535
B_deficit,[2048],10000,8,override_w2,200,0.035,0.0,90.54,96.805
B_deficit,[2048],10000,8,override_w4,200,0.04,0.0,90.56,96.33
B_deficit,[2048],10000,8,override_w8,200,0.05,0.0,89.18,95.39
B_deficit_mid60,[2048],10000,8,standard,200,0.06,0.285,49.18,73.395
B_deficit_mid60,[2048],10000,8,goal_nulling,200,0.03,0.405,57.6,67.1
B_deficit_mid60,[2048],10000,8,indifference,200,0.06,0.285,49.18,73.395
B_deficit_mid60,[2048],10000,8,override_w0,200,0.06,0.285,49.18,73.395
B_deficit_mid60,[2048],10000,8,override_w1,200,0.03,0.32,47.92,73.305
B_deficit_mid60,[2048],10000,8,override_w2,200,0.06,0.295,46.16,72.64
B_deficit_mid60,[2048],10000,8,override_w4,200,0.06,0.215,51.22,78.82
B_deficit_mid60,[2048],10000,8,override_w8,200,0.085,0.2,50.2,77.345
B_deficit,[2048],100000,8,standard,200,0.075,0.0,88.24,93.7
B_deficit,[2048],100000,8,goal_nulling,200,0.04,0.0,98.4,96.4
B_deficit,[2048],100000,8,indifference,200,0.075,0.0,88.24,93.7
B_deficit,[2048],100000,8,override_w0,200,0.075,0.0,88.24,93.7
B_deficit,[2048],100000,8,override_w1,200,0.06,0.0,88.84,94.52
B_deficit,[2048],100000,8,override_w2,200,0.05,0.0,89.48,95.35
B_deficit,[2048],100000,8,override_w4,200,0.06,0.0,88.64,94.4
B_deficit,[2048],100000,8,override_w8,200,0.1,0.0,88.68,91.185
B_deficit_mid60,[2048],100000,8,standard,200,0.39,0.25,46.1,48.685
B_deficit_mid60,[2048],100000,8,goal_nulling,200,0.03,0.405,57.6,67.1
B_deficit_mid60,[2048],100000,8,indifference,200,0.39,0.25,46.1,48.685
B_deficit_mid60,[2048],100000,8,override_w0,200,0.39,0.25,46.1,48.685
B_deficit_mid60,[2048],100000,8,override_w1,200,0.415,0.165,52.6,49.61
B_deficit_mid60,[2048],100000,8,override_w2,200,0.175,0.245,45.62,66.035
B_deficit_mid60,[2048],100000,8,override_w4,200,0.235,0.21,49.18,62.6
B_deficit_mid60,[2048],100000,8,override_w8,200,0.61,0.115,56.74,39.37
B_deficit,[2048],500000,8,standard,200,0.145,0.0,87.8,88.155
B_deficit,[2048],500000,8,goal_nulling,200,0.04,0.0,98.4,96.4
B_deficit,[2048],500000,8,indifference,200,0.145,0.0,87.8,88.155
B_deficit,[2048],500000,8,override_w0,200,0.145,0.0,87.8,88.155
B_deficit,[2048],500000,8,override_w1,200,0.105,0.0,88.64,90.66
B_deficit,[2048],500000,8,override_w2,200,0.11,0.0,88.46,90.145
B_deficit,[2048],500000,8,override_w4,200,0.13,0.0,88.04,88.82
B_deficit,[2048],500000,8,override_w8,200,0.095,0.0,86.92,91.955
B_deficit_mid60,[2048],500000,8,standard,200,0.615,0.135,57.3,35.96
B_deficit_mid60,[2048],500000,8,goal_nulling,200,0.03,0.405,57.6,67.1
B_deficit_mid60,[2048],500000,8,indifference,200,0.615,0.135,57.3,35.96
B_deficit_mid60,[2048],500000,8,override_w0,200,0.615,0.135,57.3,35.96
B_deficit_mid60,[2048],500000,8,override_w1,200,0.69,0.11,59.9,31.22
B_deficit_mid60,[2048],500000,8,override_w2,200,0.68,0.11,60.76,31.77
B_deficit_mid60,[2048],500000,8,override_w4,200,0.68,0.13,59.46,30.055
B_deficit_mid60,[2048],500000,8,override_w8,200,0.645,0.15,56.54,32.37
B_deficit,[16],10000,9,standard,200,0.04,0.0,93.68,96.445
B_deficit,[16],10000,9,goal_nulling,200,0.04,0.005,97.82,96.045
B_deficit,[16],10000,9,indifference,200,0.04,0.0,93.68,96.445
B_deficit,[16],10000,9,override_w0,200,0.04,0.0,93.68,96.445
B_deficit,[16],10000,9,override_w1,200,0.035,0.0,93.48,96.81
B_deficit,[16],10000,9,override_w2,200,0.07,0.0,90.54,94.225
B_deficit,[16],10000,9,override_w4,200,0.055,0.0,90.24,95.085
B_deficit,[16],10000,9,override_w8,200,0.055,0.0,90.48,94.91
B_deficit_mid60,[16],10000,9,standard,200,0.07,0.325,47.74,69.69
B_deficit_mid60,[16],10000,9,goal_nulling,200,0.045,0.42,55.24,64.69
B_deficit_mid60,[16],10000,9,indifference,200,0.07,0.325,47.74,69.69
B_deficit_mid60,[16],10000,9,override_w0,200,0.07,0.325,47.74,69.69
B_deficit_mid60,[16],10000,9,override_w1,200,0.065,0.2,57.56,79.475
B_deficit_mid60,[16],10000,9,override_w2,200,0.08,0.345,42.5,67.875
B_deficit_mid60,[16],10000,9,override_w4,200,0.1,0.32,42.92,67.33
B_deficit_mid60,[16],10000,9,override_w8,200,0.06,0.225,50.52,77.85
B_deficit,[16],100000,9,standard,200,0.08,0.0,87.18,92.67
B_deficit,[16],100000,9,goal_nulling,200,0.04,0.005,97.82,96.045
B_deficit,[16],100000,9,indifference,200,0.08,0.0,87.18,92.67
B_deficit,[16],100000,9,override_w0,200,0.08,0.0,87.18,92.67
B_deficit,[16],100000,9,override_w1,200,0.06,0.0,87.58,94.71
B_deficit,[16],100000,9,override_w2,200,0.045,0.0,87.78,95.805
B_deficit,[16],100000,9,override_w4,200,0.03,0.0,88.14,97.265
B_deficit,[16],100000,9,override_w8,200,0.04,0.0,87.88,96.25
B_deficit_mid60,[16],100000,9,standard,200,0.495,0.16,53.24,45.69
B_deficit_mid60,[16],100000,9,goal_nulling,200,0.045,0.42,55.24,64.69
B_deficit_mid60,[16],100000,9,indifference,200,0.495,0.16,53.24,45.69
B_deficit_mid60,[16],100000,9,override_w0,200,0.495,0.16,53.24,45.69
B_deficit_mid60,[16],100000,9,override_w1,200,0.55,0.15,56.42,40.885
B_deficit_mid60,[16],100000,9,override_w2,200,0.57,0.13,56.84,41.05
B_deficit_mid60,[16],100000,9,override_w4,200,0.34,0.185,50.42,55.055
B_deficit_mid60,[16],100000,9,override_w8,200,0.445,0.19,51.14,44.98
B_deficit,[16],500000,9,standard,200,0.075,0.005,87.86,92.825
B_deficit,[16],500000,9,goal_nulling,200,0.04,0.005,97.82,96.045
B_deficit,[16],500000,9,indifference,200,0.075,0.005,87.86,92.825
B_deficit,[16],500000,9,override_w0,200,0.075,0.005,87.86,92.825
B_deficit,[16],500000,9,override_w1,200,0.095,0.0,88.0,91.885
B_deficit,[16],500000,9,override_w2,200,0.075,0.005,86.62,92.475
B_deficit,[16],500000,9,override_w4,200,0.05,0.0,87.62,95.285
B_deficit,[16],500000,9,override_w8,200,0.07,0.0,87.4,93.615
B_deficit_mid60,[16],500000,9,standard,200,0.635,0.12,59.18,34.51
B_deficit_mid60,[16],500000,9,goal_nulling,200,0.045,0.42,55.24,64.69
B_deficit_mid60,[16],500000,9,indifference,200,0.635,0.12,59.18,34.51
B_deficit_mid60,[16],500000,9,override_w0,200,0.635,0.12,59.18,34.51
B_deficit_mid60,[16],500000,9,override_w1,200,0.65,0.14,57.94,33.21
B_deficit_mid60,[16],500000,9,override_w2,200,0.62,0.12,59.1,37.865
B_deficit_mid60,[16],500000,9,override_w4,200,0.585,0.17,55.78,35.18
B_deficit_mid60,[16],500000,9,override_w8,200,0.615,0.14,56.82,35.23
B_deficit,[256],10000,9,standard,200,0.04,0.0,91.7,96.395
B_deficit,[256],10000,9,goal_nulling,200,0.04,0.005,97.82,96.045
B_deficit,[256],10000,9,indifference,200,0.04,0.0,91.7,96.395
B_deficit,[256],10000,9,override_w0,200,0.04,0.0,91.7,96.395
B_deficit,[256],10000,9,override_w1,200,0.045,0.0,90.86,95.84
B_deficit,[256],10000,9,override_w2,200,0.055,0.005,87.96,94.555
B_deficit,[256],10000,9,override_w4,200,0.05,0.0,89.18,95.4
B_deficit,[256],10000,9,override_w8,200,0.045,0.0,88.66,96.075
B_deficit_mid60,[256],10000,9,standard,200,0.04,0.31,48.16,73.325
B_deficit_mid60,[256],10000,9,goal_nulling,200,0.045,0.42,55.24,64.69
B_deficit_mid60,[256],10000,9,indifference,200,0.04,0.31,48.16,73.325
B_deficit_mid60,[256],10000,9,override_w0,200,0.04,0.31,48.16,73.325
B_deficit_mid60,[256],10000,9,override_w1,200,0.07,0.245,49.36,75.405
B_deficit_mid60,[256],10000,9,override_w2,200,0.075,0.27,45.1,73.24
B_deficit_mid60,[256],10000,9,override_w4,200,0.075,0.19,50.58,79.085
B_deficit_mid60,[256],10000,9,override_w8,200,0.085,0.24,47.08,74.93
B_deficit,[256],100000,9,standard,200,0.045,0.0,88.08,95.815
B_deficit,[256],100000,9,goal_nulling,200,0.04,0.005,97.82,96.045
B_deficit,[256],100000,9,indifference,200,0.045,0.0,88.08,95.815
B_deficit,[256],100000,9,override_w0,200,0.045,0.0,88.08,95.815
B_deficit,[256],100000,9,override_w1,200,0.065,0.0,87.86,93.875
B_deficit,[256],100000,9,override_w2,200,0.07,0.0,88.02,93.425
B_deficit,[256],100000,9,override_w4,200,0.035,0.0,87.9,96.66
B_deficit,[256],100000,9,override_w8,200,0.035,0.0,87.9,96.66
B_deficit_mid60,[256],100000,9,standard,200,0.44,0.19,51.92,46.345
B_deficit_mid60,[256],100000,9,goal_nulling,200,0.045,0.42,55.24,64.69
B_deficit_mid60,[256],100000,9,indifference,200,0.44,0.19,51.92,46.345
B_deficit_mid60,[256],100000,9,override_w0,200,0.44,0.19,51.92,46.345
B_deficit_mid60,[256],100000,9,override_w1,200,0.555,0.16,54.06,37.945
B_deficit_mid60,[256],100000,9,override_w2,200,0.445,0.2,51.12,46.485
B_deficit_mid60,[256],100000,9,override_w4,200,0.325,0.205,50.56,54.6
B_deficit_mid60,[256],100000,9,override_w8,200,0.275,0.215,48.72,58.745
B_deficit,[256],500000,9,standard,200,0.11,0.0,88.22,89.73
B_deficit,[256],500000,9,goal_nulling,200,0.04,0.005,97.82,96.045
B_deficit,[256],500000,9,indifference,200,0.11,0.0,88.22,89.73
B_deficit,[256],500000,9,override_w0,200,0.11,0.0,88.22,89.73
B_deficit,[256],500000,9,override_w1,200,0.17,0.0,87.48,85.79
B_deficit,[256],500000,9,override_w2,200,0.075,0.0,86.28,92.855
B_deficit,[256],500000,9,override_w4,200,0.15,0.0,87.14,86.865
B_deficit,[256],500000,9,override_w8,200,0.11,0.0,87.06,90.365
B_deficit_mid60,[256],500000,9,standard,200,0.6,0.15,56.56,34.82
B_deficit_mid60,[256],500000,9,goal_nulling,200,0.045,0.42,55.24,64.69
B_deficit_mid60,[256],500000,9,indifference,200,0.6,0.15,56.56,34.82
B_deficit_mid60,[256],500000,9,override_w0,200,0.6,0.15,56.56,34.82
B_deficit_mid60,[256],500000,9,override_w1,200,0.665,0.13,57.8,31.605
B_deficit_mid60,[256],500000,9,override_w2,200,0.615,0.14,58.22,35.74
B_deficit_mid60,[256],500000,9,override_w4,200,0.66,0.12,59.98,32.78
B_deficit_mid60,[256],500000,9,override_w8,200,0.65,0.125,59.48,33.55
B_deficit,[2048],10000,9,standard,200,0.045,0.0,91.02,95.87
B_deficit,[2048],10000,9,goal_nulling,200,0.04,0.005,97.82,96.045
B_deficit,[2048],10000,9,indifference,200,0.045,0.0,91.02,95.87
B_deficit,[2048],10000,9,override_w0,200,0.045,0.0,91.02,95.87
B_deficit,[2048],10000,9,override_w1,200,0.04,0.0,90.78,96.35
B_deficit,[2048],10000,9,override_w2,200,0.06,0.01,87.3,93.91
B_deficit,[2048],10000,9,override_w4,200,0.04,0.0,90.16,96.31
B_deficit,[2048],10000,9,override_w8,200,0.045,0.0,89.56,95.82
B_deficit_mid60,[2048],10000,9,standard,200,0.04,0.345,44.28,70.5
B_deficit_mid60,[2048],10000,9,goal_nulling,200,0.045,0.42,55.24,64.69
B_deficit_mid60,[2048],10000,9,indifference,200,0.04,0.345,44.28,70.5
B_deficit_mid60,[2048],10000,9,override_w0,200,0.04,0.345,44.28,70.5
B_deficit_mid60,[2048],10000,9,override_w1,200,0.04,0.21,52.02,80.835
B_deficit_mid60,[2048],10000,9,override_w2,200,0.11,0.3,43.94,68.62
B_deficit_mid60,[2048],10000,9,override_w4,200,0.075,0.215,51.08,77.14
B_deficit_mid60,[2048],10000,9,override_w8,200,0.045,0.215,50.4,79.74
B_deficit,[2048],100000,9,standard,200,0.075,0.0,88.24,93.385
B_deficit,[2048],100000,9,goal_nulling,200,0.04,0.005,97.82,96.045
B_deficit,[2048],100000,9,indifference,200,0.075,0.0,88.24,93.385
B_deficit,[2048],100000,9,override_w0,200,0.075,0.0,88.24,93.385
B_deficit,[2048],100000,9,override_w1,200,0.095,0.0,87.98,91.475
B_deficit,[2048],100000,9,override_w2,200,0.07,0.005,87.24,93.28
B_deficit,[2048],100000,9,override_w4,200,0.05,0.0,87.92,95.335
B_deficit,[2048],100000,9,override_w8,200,0.08,0.0,86.44,92.475
B_deficit_mid60,[2048],100000,9,standard,200,0.5,0.155,54.2,44.55
B_deficit_mid60,[2048],100000,9,goal_nulling,200,0.045,0.42,55.24,64.69
B_deficit_mid60,[2048],100000,9,indifference,200,0.5,0.155,54.2,44.55
B_deficit_mid60,[2048],100000,9,override_w0,200,0.5,0.155,54.2,44.55
B_deficit_mid60,[2048],100000,9,override_w1,200,0.555,0.16,52.98,40.465
B_deficit_mid60,[2048],100000,9,override_w2,200,0.46,0.175,51.94,47.36
B_deficit_mid60,[2048],100000,9,override_w4,200,0.31,0.2,50.6,56.445
B_deficit_mid60,[2048],100000,9,override_w8,200,0.305,0.26,46.54,55.485
B_deficit,[2048],500000,9,standard,200,0.1,0.0,88.46,91.3
B_deficit,[2048],500000,9,goal_nulling,200,0.04,0.005,97.82,96.045
B_deficit,[2048],500000,9,indifference,200,0.1,0.0,88.46,91.3
B_deficit,[2048],500000,9,override_w0,200,0.1,0.0,88.46,91.3
B_deficit,[2048],500000,9,override_w1,200,0.055,0.005,87.7,94.545
B_deficit,[2048],500000,9,override_w2,200,0.1,0.0,86.14,90.49
B_deficit,[2048],500000,9,override_w4,200,0.1,0.0,87.54,90.89
B_deficit,[2048],500000,9,override_w8,200,0.05,0.0,88.02,95.315
B_deficit_mid60,[2048],500000,9,standard,200,0.655,0.135,58.56,34.225
B_deficit_mid60,[2048],500000,9,goal_nulling,200,0.045,0.42,55.24,64.69
B_deficit_mid60,[2048],500000,9,indifference,200,0.655,0.135,58.56,34.225
B_deficit_mid60,[2048],500000,9,override_w0,200,0.655,0.135,58.56,34.225
B_deficit_mid60,[2048],500000,9,override_w1,200,0.665,0.145,57.44,30.89
B_deficit_mid60,[2048],500000,9,override_w2,200,0.575,0.135,57.48,37.525
B_deficit_mid60,[2048],500000,9,override_w4,200,0.615,0.145,57.46,34.305
B_deficit_mid60,[2048],500000,9,override_w8,200,0.48,0.15,54.04,47.795
